"index","publicToken","relativeUrl","fullUrl"
"1","Kvr4ArC29oFKYfI4","/dog/Kvr4ArC29oFKYfI4","http://localhost:3101/dog/Kvr4ArC29oFKYfI4"
"2","Ug7AQIDJCNRF_IdO","/dog/Ug7AQIDJCNRF_IdO","http://localhost:3101/dog/Ug7AQIDJCNRF_IdO"
"3","Vgwhcxc2a55iiw0H","/dog/Vgwhcxc2a55iiw0H","http://localhost:3101/dog/Vgwhcxc2a55iiw0H"
"4","dvPrjNUZu4qxhwJZ","/dog/dvPrjNUZu4qxhwJZ","http://localhost:3101/dog/dvPrjNUZu4qxhwJZ"
"5","cp0v0EwOvt8nnKMI","/dog/cp0v0EwOvt8nnKMI","http://localhost:3101/dog/cp0v0EwOvt8nnKMI"
"6","Ps0rw4heJXYn7E1D","/dog/Ps0rw4heJXYn7E1D","http://localhost:3101/dog/Ps0rw4heJXYn7E1D"
"7","AML9_J2mDg2eITcV","/dog/AML9_J2mDg2eITcV","http://localhost:3101/dog/AML9_J2mDg2eITcV"
"8","QGFxcaAQBsyGnndt","/dog/QGFxcaAQBsyGnndt","http://localhost:3101/dog/QGFxcaAQBsyGnndt"
"9","7TLxAes5tH1y8qQU","/dog/7TLxAes5tH1y8qQU","http://localhost:3101/dog/7TLxAes5tH1y8qQU"
"10","TzMe0rAhB0b8vq2d","/dog/TzMe0rAhB0b8vq2d","http://localhost:3101/dog/TzMe0rAhB0b8vq2d"
"11","LRcneHA_U9Ui2JEo","/dog/LRcneHA_U9Ui2JEo","http://localhost:3101/dog/LRcneHA_U9Ui2JEo"
"12","tpTBgbPhMyFBrWqU","/dog/tpTBgbPhMyFBrWqU","http://localhost:3101/dog/tpTBgbPhMyFBrWqU"
"13","_lK5qrgbDxDDi4Qu","/dog/_lK5qrgbDxDDi4Qu","http://localhost:3101/dog/_lK5qrgbDxDDi4Qu"
"14","IoIoeOJdZqyvLnNl","/dog/IoIoeOJdZqyvLnNl","http://localhost:3101/dog/IoIoeOJdZqyvLnNl"
"15","ArC0E29xIupL15kg","/dog/ArC0E29xIupL15kg","http://localhost:3101/dog/ArC0E29xIupL15kg"
"16","2jeZwAZIJ0MP5BY2","/dog/2jeZwAZIJ0MP5BY2","http://localhost:3101/dog/2jeZwAZIJ0MP5BY2"
"17","FXRiE6UedVqfnNAx","/dog/FXRiE6UedVqfnNAx","http://localhost:3101/dog/FXRiE6UedVqfnNAx"
"18","N2TDfS7Jn4lXAfQL","/dog/N2TDfS7Jn4lXAfQL","http://localhost:3101/dog/N2TDfS7Jn4lXAfQL"
"19","otJXbYvqtdrTSju8","/dog/otJXbYvqtdrTSju8","http://localhost:3101/dog/otJXbYvqtdrTSju8"
"20","pJEEwrAk6kv0b9ve","/dog/pJEEwrAk6kv0b9ve","http://localhost:3101/dog/pJEEwrAk6kv0b9ve"
"21","o351CQNh4wns7fL8","/dog/o351CQNh4wns7fL8","http://localhost:3101/dog/o351CQNh4wns7fL8"
"22","7-ru5HlgeYR-AO9j","/dog/7-ru5HlgeYR-AO9j","http://localhost:3101/dog/7-ru5HlgeYR-AO9j"
"23","20Cno-1F7ZPTnnUy","/dog/20Cno-1F7ZPTnnUy","http://localhost:3101/dog/20Cno-1F7ZPTnnUy"
"24","zaRTVhPH-nGGJreX","/dog/zaRTVhPH-nGGJreX","http://localhost:3101/dog/zaRTVhPH-nGGJreX"
"25","XD1unAEt8MHPk--U","/dog/XD1unAEt8MHPk--U","http://localhost:3101/dog/XD1unAEt8MHPk--U"
"26","kJyJXfj7BTV-nw7U","/dog/kJyJXfj7BTV-nw7U","http://localhost:3101/dog/kJyJXfj7BTV-nw7U"
"27","sFGGgM-yn00H-FzI","/dog/sFGGgM-yn00H-FzI","http://localhost:3101/dog/sFGGgM-yn00H-FzI"
"28","OfLdpl1q_8ZIuBFk","/dog/OfLdpl1q_8ZIuBFk","http://localhost:3101/dog/OfLdpl1q_8ZIuBFk"
"29","u8vlzBJCnq7OwRS-","/dog/u8vlzBJCnq7OwRS-","http://localhost:3101/dog/u8vlzBJCnq7OwRS-"
"30","jZvash3Jv6FjIYQX","/dog/jZvash3Jv6FjIYQX","http://localhost:3101/dog/jZvash3Jv6FjIYQX"
"31","sHet5ghl9KjuHNs7","/dog/sHet5ghl9KjuHNs7","http://localhost:3101/dog/sHet5ghl9KjuHNs7"
"32","_oElrBh3dRrcqcJ7","/dog/_oElrBh3dRrcqcJ7","http://localhost:3101/dog/_oElrBh3dRrcqcJ7"
"33","NRw1-Mzm74YhJT2E","/dog/NRw1-Mzm74YhJT2E","http://localhost:3101/dog/NRw1-Mzm74YhJT2E"
"34","uPqF_hUROINRBeqE","/dog/uPqF_hUROINRBeqE","http://localhost:3101/dog/uPqF_hUROINRBeqE"
"35","vSbDXZaTm4U3QzkR","/dog/vSbDXZaTm4U3QzkR","http://localhost:3101/dog/vSbDXZaTm4U3QzkR"
"36","cfov6bFhgHiKwPCZ","/dog/cfov6bFhgHiKwPCZ","http://localhost:3101/dog/cfov6bFhgHiKwPCZ"
"37","zhBGMY1U5QhD9C3e","/dog/zhBGMY1U5QhD9C3e","http://localhost:3101/dog/zhBGMY1U5QhD9C3e"
"38","numQw9GTPIUqI9N7","/dog/numQw9GTPIUqI9N7","http://localhost:3101/dog/numQw9GTPIUqI9N7"
"39","qo_UGeDJKXbxDw2R","/dog/qo_UGeDJKXbxDw2R","http://localhost:3101/dog/qo_UGeDJKXbxDw2R"
"40","LwYJIShf7YOvzEsD","/dog/LwYJIShf7YOvzEsD","http://localhost:3101/dog/LwYJIShf7YOvzEsD"
"41","-MO0wUyXnd1nc2uK","/dog/-MO0wUyXnd1nc2uK","http://localhost:3101/dog/-MO0wUyXnd1nc2uK"
"42","RETR4ZmmnxiwbUdv","/dog/RETR4ZmmnxiwbUdv","http://localhost:3101/dog/RETR4ZmmnxiwbUdv"
"43","AlUwz2BqizRLxu2W","/dog/AlUwz2BqizRLxu2W","http://localhost:3101/dog/AlUwz2BqizRLxu2W"
"44","-mKC6333kviptpDQ","/dog/-mKC6333kviptpDQ","http://localhost:3101/dog/-mKC6333kviptpDQ"
"45","PLgEjE1fT0bBLPhS","/dog/PLgEjE1fT0bBLPhS","http://localhost:3101/dog/PLgEjE1fT0bBLPhS"
"46","qnou9BnJPp6o73pc","/dog/qnou9BnJPp6o73pc","http://localhost:3101/dog/qnou9BnJPp6o73pc"
"47","n0I6w3gTMwQtR1Y2","/dog/n0I6w3gTMwQtR1Y2","http://localhost:3101/dog/n0I6w3gTMwQtR1Y2"
"48","IM8rESs2qAju1yb-","/dog/IM8rESs2qAju1yb-","http://localhost:3101/dog/IM8rESs2qAju1yb-"
"49","BVTybRp8qr4pUoYt","/dog/BVTybRp8qr4pUoYt","http://localhost:3101/dog/BVTybRp8qr4pUoYt"
"50","qNCdkVU82ZXvpU5O","/dog/qNCdkVU82ZXvpU5O","http://localhost:3101/dog/qNCdkVU82ZXvpU5O"
"51","2Jb3jqrOkitF2q_b","/dog/2Jb3jqrOkitF2q_b","http://localhost:3101/dog/2Jb3jqrOkitF2q_b"
"52","yoO9360Co215ZNtW","/dog/yoO9360Co215ZNtW","http://localhost:3101/dog/yoO9360Co215ZNtW"
"53","YGBCHMBD-XYrn24D","/dog/YGBCHMBD-XYrn24D","http://localhost:3101/dog/YGBCHMBD-XYrn24D"
"54","z6Jypftul_MajTFG","/dog/z6Jypftul_MajTFG","http://localhost:3101/dog/z6Jypftul_MajTFG"
"55","5BOE_Ba9L5rhO4WB","/dog/5BOE_Ba9L5rhO4WB","http://localhost:3101/dog/5BOE_Ba9L5rhO4WB"
"56","O6lYqyw8dd27JHP6","/dog/O6lYqyw8dd27JHP6","http://localhost:3101/dog/O6lYqyw8dd27JHP6"
"57","XgY1l3PdD0Yy1Zn0","/dog/XgY1l3PdD0Yy1Zn0","http://localhost:3101/dog/XgY1l3PdD0Yy1Zn0"
"58","Agt0gTtyjc8Tch3C","/dog/Agt0gTtyjc8Tch3C","http://localhost:3101/dog/Agt0gTtyjc8Tch3C"
"59","aCqgHDtUnTI3nbJl","/dog/aCqgHDtUnTI3nbJl","http://localhost:3101/dog/aCqgHDtUnTI3nbJl"
"60","YiADxjqkAlmYLl5U","/dog/YiADxjqkAlmYLl5U","http://localhost:3101/dog/YiADxjqkAlmYLl5U"
"61","o5C7Z113w5b_mkCC","/dog/o5C7Z113w5b_mkCC","http://localhost:3101/dog/o5C7Z113w5b_mkCC"
"62","zfbKerpYLQMyObrB","/dog/zfbKerpYLQMyObrB","http://localhost:3101/dog/zfbKerpYLQMyObrB"
"63","urNLm1ABrtNH-ef8","/dog/urNLm1ABrtNH-ef8","http://localhost:3101/dog/urNLm1ABrtNH-ef8"
"64","WO4UZubSCT7HaWGe","/dog/WO4UZubSCT7HaWGe","http://localhost:3101/dog/WO4UZubSCT7HaWGe"
"65","ap-EQ1DVun6cgr0M","/dog/ap-EQ1DVun6cgr0M","http://localhost:3101/dog/ap-EQ1DVun6cgr0M"
"66","GRywc0qUnuAwDg1i","/dog/GRywc0qUnuAwDg1i","http://localhost:3101/dog/GRywc0qUnuAwDg1i"
"67","IrSF4sbmhM1X2J9H","/dog/IrSF4sbmhM1X2J9H","http://localhost:3101/dog/IrSF4sbmhM1X2J9H"
"68","JqsFWnbsjG5YZxEE","/dog/JqsFWnbsjG5YZxEE","http://localhost:3101/dog/JqsFWnbsjG5YZxEE"
"69","xO6kFJ1rsibDpQYp","/dog/xO6kFJ1rsibDpQYp","http://localhost:3101/dog/xO6kFJ1rsibDpQYp"
"70","OvzIlPGzAHZI_6Ud","/dog/OvzIlPGzAHZI_6Ud","http://localhost:3101/dog/OvzIlPGzAHZI_6Ud"
"71","D_XtNIjlgyaQUUUZ","/dog/D_XtNIjlgyaQUUUZ","http://localhost:3101/dog/D_XtNIjlgyaQUUUZ"
"72","cqjlCgcDbzbijWBi","/dog/cqjlCgcDbzbijWBi","http://localhost:3101/dog/cqjlCgcDbzbijWBi"
"73","6D9Y_evDAj3OjNxO","/dog/6D9Y_evDAj3OjNxO","http://localhost:3101/dog/6D9Y_evDAj3OjNxO"
"74","cDVpMUk_RnZs7dat","/dog/cDVpMUk_RnZs7dat","http://localhost:3101/dog/cDVpMUk_RnZs7dat"
"75","ypmZYh_KGlYEwBLn","/dog/ypmZYh_KGlYEwBLn","http://localhost:3101/dog/ypmZYh_KGlYEwBLn"
"76","xkjp6ZX_ChpcuDAE","/dog/xkjp6ZX_ChpcuDAE","http://localhost:3101/dog/xkjp6ZX_ChpcuDAE"
"77","TRD9X9Lc7fZVKNim","/dog/TRD9X9Lc7fZVKNim","http://localhost:3101/dog/TRD9X9Lc7fZVKNim"
"78","YHn7VYMSIotw8sGv","/dog/YHn7VYMSIotw8sGv","http://localhost:3101/dog/YHn7VYMSIotw8sGv"
"79","Fg9AAwwGR_lbSj29","/dog/Fg9AAwwGR_lbSj29","http://localhost:3101/dog/Fg9AAwwGR_lbSj29"
"80","e5nz-GGbr1h9FgAv","/dog/e5nz-GGbr1h9FgAv","http://localhost:3101/dog/e5nz-GGbr1h9FgAv"
"81","KJ3otFFv6TbSqqAZ","/dog/KJ3otFFv6TbSqqAZ","http://localhost:3101/dog/KJ3otFFv6TbSqqAZ"
"82","4WAoruKy5kBhfski","/dog/4WAoruKy5kBhfski","http://localhost:3101/dog/4WAoruKy5kBhfski"
"83","T3ZJCAVJdHKFCKfl","/dog/T3ZJCAVJdHKFCKfl","http://localhost:3101/dog/T3ZJCAVJdHKFCKfl"
"84","VqjNMNSm14jo9Ylh","/dog/VqjNMNSm14jo9Ylh","http://localhost:3101/dog/VqjNMNSm14jo9Ylh"
"85","y_fEjsmh5wBQLFIq","/dog/y_fEjsmh5wBQLFIq","http://localhost:3101/dog/y_fEjsmh5wBQLFIq"
"86","BRlVP6whaVBcg68O","/dog/BRlVP6whaVBcg68O","http://localhost:3101/dog/BRlVP6whaVBcg68O"
"87","y2MuV8Fi3jyK4wMY","/dog/y2MuV8Fi3jyK4wMY","http://localhost:3101/dog/y2MuV8Fi3jyK4wMY"
"88","Q53PfpztT3pWCSnj","/dog/Q53PfpztT3pWCSnj","http://localhost:3101/dog/Q53PfpztT3pWCSnj"
"89","kn4apJ_HSRoEE6t9","/dog/kn4apJ_HSRoEE6t9","http://localhost:3101/dog/kn4apJ_HSRoEE6t9"
"90","UU8mQknndzFvPNCq","/dog/UU8mQknndzFvPNCq","http://localhost:3101/dog/UU8mQknndzFvPNCq"
"91","P9KPTpU9rzybcNJ9","/dog/P9KPTpU9rzybcNJ9","http://localhost:3101/dog/P9KPTpU9rzybcNJ9"
"92","Z6-KgiXxGpbTApZs","/dog/Z6-KgiXxGpbTApZs","http://localhost:3101/dog/Z6-KgiXxGpbTApZs"
"93","TT-wLGQ9cdzXEDWA","/dog/TT-wLGQ9cdzXEDWA","http://localhost:3101/dog/TT-wLGQ9cdzXEDWA"
"94","A8f31CA16gC65mMQ","/dog/A8f31CA16gC65mMQ","http://localhost:3101/dog/A8f31CA16gC65mMQ"
"95","U-yHJC85q4ki6Y6q","/dog/U-yHJC85q4ki6Y6q","http://localhost:3101/dog/U-yHJC85q4ki6Y6q"
"96","GD_Y2duRoC-ldygi","/dog/GD_Y2duRoC-ldygi","http://localhost:3101/dog/GD_Y2duRoC-ldygi"
"97","njHCT_4toUtdVJEq","/dog/njHCT_4toUtdVJEq","http://localhost:3101/dog/njHCT_4toUtdVJEq"
"98","VGdAithnGvRiZX1O","/dog/VGdAithnGvRiZX1O","http://localhost:3101/dog/VGdAithnGvRiZX1O"
"99","iWb2vkgycOupML6u","/dog/iWb2vkgycOupML6u","http://localhost:3101/dog/iWb2vkgycOupML6u"
"100","OqU0JyqPd8Vt1GCd","/dog/OqU0JyqPd8Vt1GCd","http://localhost:3101/dog/OqU0JyqPd8Vt1GCd"
"101","SUBxqV_Pq9Kg2ndo","/dog/SUBxqV_Pq9Kg2ndo","http://localhost:3101/dog/SUBxqV_Pq9Kg2ndo"
"102","QW-5kPAw3l4mgNOZ","/dog/QW-5kPAw3l4mgNOZ","http://localhost:3101/dog/QW-5kPAw3l4mgNOZ"
"103","aSBvyMnk4pUgddeM","/dog/aSBvyMnk4pUgddeM","http://localhost:3101/dog/aSBvyMnk4pUgddeM"
"104","56v8M94KVK2CaC6Z","/dog/56v8M94KVK2CaC6Z","http://localhost:3101/dog/56v8M94KVK2CaC6Z"
"105","BaJQza01i-WkxYur","/dog/BaJQza01i-WkxYur","http://localhost:3101/dog/BaJQza01i-WkxYur"
"106","gho1hQnOHL0LQIkS","/dog/gho1hQnOHL0LQIkS","http://localhost:3101/dog/gho1hQnOHL0LQIkS"
"107","F2pQSV1AjmUrPy3u","/dog/F2pQSV1AjmUrPy3u","http://localhost:3101/dog/F2pQSV1AjmUrPy3u"
"108","q928layHj8Asjd_b","/dog/q928layHj8Asjd_b","http://localhost:3101/dog/q928layHj8Asjd_b"
"109","sdHFnoap8yThgXfc","/dog/sdHFnoap8yThgXfc","http://localhost:3101/dog/sdHFnoap8yThgXfc"
"110","6Fn1m1LJk0AjxvrV","/dog/6Fn1m1LJk0AjxvrV","http://localhost:3101/dog/6Fn1m1LJk0AjxvrV"
"111","rcm9PgMKsaZCTkqC","/dog/rcm9PgMKsaZCTkqC","http://localhost:3101/dog/rcm9PgMKsaZCTkqC"
"112","6zrDFZAjBeD-OUPT","/dog/6zrDFZAjBeD-OUPT","http://localhost:3101/dog/6zrDFZAjBeD-OUPT"
"113","Jd92DLv9iJnuqU6m","/dog/Jd92DLv9iJnuqU6m","http://localhost:3101/dog/Jd92DLv9iJnuqU6m"
"114","b30g25KZLjId83zy","/dog/b30g25KZLjId83zy","http://localhost:3101/dog/b30g25KZLjId83zy"
"115","sLvYBiju-RRSgV5h","/dog/sLvYBiju-RRSgV5h","http://localhost:3101/dog/sLvYBiju-RRSgV5h"
"116","yDVlnTdTSvrTmSNo","/dog/yDVlnTdTSvrTmSNo","http://localhost:3101/dog/yDVlnTdTSvrTmSNo"
"117","CwAafOqIcKRJus9N","/dog/CwAafOqIcKRJus9N","http://localhost:3101/dog/CwAafOqIcKRJus9N"
"118","oNYZTfKgym6rLert","/dog/oNYZTfKgym6rLert","http://localhost:3101/dog/oNYZTfKgym6rLert"
"119","8ouOGre7JlPYr9bP","/dog/8ouOGre7JlPYr9bP","http://localhost:3101/dog/8ouOGre7JlPYr9bP"
"120","_yO_N81TekPvabyi","/dog/_yO_N81TekPvabyi","http://localhost:3101/dog/_yO_N81TekPvabyi"
"121","Zfd2TJ2LR3sa0DKL","/dog/Zfd2TJ2LR3sa0DKL","http://localhost:3101/dog/Zfd2TJ2LR3sa0DKL"
"122","jUXNJElwe5q5YmP0","/dog/jUXNJElwe5q5YmP0","http://localhost:3101/dog/jUXNJElwe5q5YmP0"
"123","eqrX3zDraoKO1UTE","/dog/eqrX3zDraoKO1UTE","http://localhost:3101/dog/eqrX3zDraoKO1UTE"
"124","79jRiLHWvw7HqXuO","/dog/79jRiLHWvw7HqXuO","http://localhost:3101/dog/79jRiLHWvw7HqXuO"
"125","voSq_KHp4KlZBJU4","/dog/voSq_KHp4KlZBJU4","http://localhost:3101/dog/voSq_KHp4KlZBJU4"
"126","Dx2y0Oxy0Z-ex2al","/dog/Dx2y0Oxy0Z-ex2al","http://localhost:3101/dog/Dx2y0Oxy0Z-ex2al"
"127","C0gHn1Fex5uIVSh1","/dog/C0gHn1Fex5uIVSh1","http://localhost:3101/dog/C0gHn1Fex5uIVSh1"
"128","DU4G311_Emx9j526","/dog/DU4G311_Emx9j526","http://localhost:3101/dog/DU4G311_Emx9j526"
"129","n88TUCwSEpodOi6h","/dog/n88TUCwSEpodOi6h","http://localhost:3101/dog/n88TUCwSEpodOi6h"
"130","tvs0oyC9V6PV116b","/dog/tvs0oyC9V6PV116b","http://localhost:3101/dog/tvs0oyC9V6PV116b"
"131","Y9fc9xXp2jNbwtBt","/dog/Y9fc9xXp2jNbwtBt","http://localhost:3101/dog/Y9fc9xXp2jNbwtBt"
"132","KfxZp2J6JUXp7psD","/dog/KfxZp2J6JUXp7psD","http://localhost:3101/dog/KfxZp2J6JUXp7psD"
"133","hYjNZ7rxGbR1BMrU","/dog/hYjNZ7rxGbR1BMrU","http://localhost:3101/dog/hYjNZ7rxGbR1BMrU"
"134","fcEyRkgBMm08xFoi","/dog/fcEyRkgBMm08xFoi","http://localhost:3101/dog/fcEyRkgBMm08xFoi"
"135","zSo8CO59Jr5LXLff","/dog/zSo8CO59Jr5LXLff","http://localhost:3101/dog/zSo8CO59Jr5LXLff"
"136","CdHW-XWFkbwCahRQ","/dog/CdHW-XWFkbwCahRQ","http://localhost:3101/dog/CdHW-XWFkbwCahRQ"
"137","p-_QsEGyaBWzluOW","/dog/p-_QsEGyaBWzluOW","http://localhost:3101/dog/p-_QsEGyaBWzluOW"
"138","RzX31QjEjc9Sb7mg","/dog/RzX31QjEjc9Sb7mg","http://localhost:3101/dog/RzX31QjEjc9Sb7mg"
"139","kzMnIFPmbF1h-Kui","/dog/kzMnIFPmbF1h-Kui","http://localhost:3101/dog/kzMnIFPmbF1h-Kui"
"140","f05yACOHpDrRTLy-","/dog/f05yACOHpDrRTLy-","http://localhost:3101/dog/f05yACOHpDrRTLy-"
"141","7wUO-EwesqZs65C-","/dog/7wUO-EwesqZs65C-","http://localhost:3101/dog/7wUO-EwesqZs65C-"
"142","Ur-QpCXcASg3F1kg","/dog/Ur-QpCXcASg3F1kg","http://localhost:3101/dog/Ur-QpCXcASg3F1kg"
"143","Gk0HRfmOBGODKX8E","/dog/Gk0HRfmOBGODKX8E","http://localhost:3101/dog/Gk0HRfmOBGODKX8E"
"144","o0wGnWOgMMxDY3a-","/dog/o0wGnWOgMMxDY3a-","http://localhost:3101/dog/o0wGnWOgMMxDY3a-"
"145","bGR8osw9FXI_KDzJ","/dog/bGR8osw9FXI_KDzJ","http://localhost:3101/dog/bGR8osw9FXI_KDzJ"
"146","R2xhI1TL8ohoBkNm","/dog/R2xhI1TL8ohoBkNm","http://localhost:3101/dog/R2xhI1TL8ohoBkNm"
"147","SzwJUqBk8oi2K17f","/dog/SzwJUqBk8oi2K17f","http://localhost:3101/dog/SzwJUqBk8oi2K17f"
"148","V9u_Mqu9rTeNi9qE","/dog/V9u_Mqu9rTeNi9qE","http://localhost:3101/dog/V9u_Mqu9rTeNi9qE"
"149","MHQQha8E3PplFDB4","/dog/MHQQha8E3PplFDB4","http://localhost:3101/dog/MHQQha8E3PplFDB4"
"150","gmipLSbMFw5voGcZ","/dog/gmipLSbMFw5voGcZ","http://localhost:3101/dog/gmipLSbMFw5voGcZ"
"151","nhFlfxzAxlUiNATN","/dog/nhFlfxzAxlUiNATN","http://localhost:3101/dog/nhFlfxzAxlUiNATN"
"152","gQlb44ljH88CFTp5","/dog/gQlb44ljH88CFTp5","http://localhost:3101/dog/gQlb44ljH88CFTp5"
"153","Sgb8fPYqKUSFPKrO","/dog/Sgb8fPYqKUSFPKrO","http://localhost:3101/dog/Sgb8fPYqKUSFPKrO"
"154","sCX9Ki-1dGritzK0","/dog/sCX9Ki-1dGritzK0","http://localhost:3101/dog/sCX9Ki-1dGritzK0"
"155","hNTLNQRrqqRhuaw8","/dog/hNTLNQRrqqRhuaw8","http://localhost:3101/dog/hNTLNQRrqqRhuaw8"
"156","w0_ZdmVIW_rOnnMZ","/dog/w0_ZdmVIW_rOnnMZ","http://localhost:3101/dog/w0_ZdmVIW_rOnnMZ"
"157","_sNY0t2aOvFkBxV_","/dog/_sNY0t2aOvFkBxV_","http://localhost:3101/dog/_sNY0t2aOvFkBxV_"
"158","EqE1m9B-zUeNRaRe","/dog/EqE1m9B-zUeNRaRe","http://localhost:3101/dog/EqE1m9B-zUeNRaRe"
"159","on4WanCgMpKU7b0S","/dog/on4WanCgMpKU7b0S","http://localhost:3101/dog/on4WanCgMpKU7b0S"
"160","eKhmhOTSgYFbMCku","/dog/eKhmhOTSgYFbMCku","http://localhost:3101/dog/eKhmhOTSgYFbMCku"
"161","NM9s38wcyqHM-cOL","/dog/NM9s38wcyqHM-cOL","http://localhost:3101/dog/NM9s38wcyqHM-cOL"
"162","B67_ik1BCmI1s_Vq","/dog/B67_ik1BCmI1s_Vq","http://localhost:3101/dog/B67_ik1BCmI1s_Vq"
"163","koiuMxCnQBROaJDC","/dog/koiuMxCnQBROaJDC","http://localhost:3101/dog/koiuMxCnQBROaJDC"
"164","zYGwLDoiuZxAO_Zq","/dog/zYGwLDoiuZxAO_Zq","http://localhost:3101/dog/zYGwLDoiuZxAO_Zq"
"165","p6FacFiqT0w84dod","/dog/p6FacFiqT0w84dod","http://localhost:3101/dog/p6FacFiqT0w84dod"
"166","oHffyl2zxuD3WdGi","/dog/oHffyl2zxuD3WdGi","http://localhost:3101/dog/oHffyl2zxuD3WdGi"
"167","PaNgln2TA4SKKrQh","/dog/PaNgln2TA4SKKrQh","http://localhost:3101/dog/PaNgln2TA4SKKrQh"
"168","PChkIaIoGnf5ApTZ","/dog/PChkIaIoGnf5ApTZ","http://localhost:3101/dog/PChkIaIoGnf5ApTZ"
"169","858o2o8Vcri_aU60","/dog/858o2o8Vcri_aU60","http://localhost:3101/dog/858o2o8Vcri_aU60"
"170","a8VJiN7wwODQqR1B","/dog/a8VJiN7wwODQqR1B","http://localhost:3101/dog/a8VJiN7wwODQqR1B"
"171","PO3CcG59MVUr_eGK","/dog/PO3CcG59MVUr_eGK","http://localhost:3101/dog/PO3CcG59MVUr_eGK"
"172","4z1fNyTIYUwTugbR","/dog/4z1fNyTIYUwTugbR","http://localhost:3101/dog/4z1fNyTIYUwTugbR"
"173","zHHIXLrvgDHLPxEs","/dog/zHHIXLrvgDHLPxEs","http://localhost:3101/dog/zHHIXLrvgDHLPxEs"
"174","zjcte_60zwHqSGnX","/dog/zjcte_60zwHqSGnX","http://localhost:3101/dog/zjcte_60zwHqSGnX"
"175","3HFu9wnNY_xmEDYY","/dog/3HFu9wnNY_xmEDYY","http://localhost:3101/dog/3HFu9wnNY_xmEDYY"
"176","FU5XFwlrpM3Csc7w","/dog/FU5XFwlrpM3Csc7w","http://localhost:3101/dog/FU5XFwlrpM3Csc7w"
"177","JKkVf_FJyywcIweX","/dog/JKkVf_FJyywcIweX","http://localhost:3101/dog/JKkVf_FJyywcIweX"
"178","Kja8Bu-FPF5UWguH","/dog/Kja8Bu-FPF5UWguH","http://localhost:3101/dog/Kja8Bu-FPF5UWguH"
"179","CZY4cKcSzVjOkScB","/dog/CZY4cKcSzVjOkScB","http://localhost:3101/dog/CZY4cKcSzVjOkScB"
"180","r356kZ9YgFywoCDn","/dog/r356kZ9YgFywoCDn","http://localhost:3101/dog/r356kZ9YgFywoCDn"
"181","VtfKVrqi8msGkjG0","/dog/VtfKVrqi8msGkjG0","http://localhost:3101/dog/VtfKVrqi8msGkjG0"
"182","Dq5t4lN-zqaFNo4Y","/dog/Dq5t4lN-zqaFNo4Y","http://localhost:3101/dog/Dq5t4lN-zqaFNo4Y"
"183","JEelP_YAqb7NY2CB","/dog/JEelP_YAqb7NY2CB","http://localhost:3101/dog/JEelP_YAqb7NY2CB"
"184","dS7y_TL6gZRalhpk","/dog/dS7y_TL6gZRalhpk","http://localhost:3101/dog/dS7y_TL6gZRalhpk"
"185","LzcM0elFsdCTU2-7","/dog/LzcM0elFsdCTU2-7","http://localhost:3101/dog/LzcM0elFsdCTU2-7"
"186","aGFEROmG4UuFiRda","/dog/aGFEROmG4UuFiRda","http://localhost:3101/dog/aGFEROmG4UuFiRda"
"187","zdxKA5jdrjC17h0l","/dog/zdxKA5jdrjC17h0l","http://localhost:3101/dog/zdxKA5jdrjC17h0l"
"188","C2D1SJL100XAJuZY","/dog/C2D1SJL100XAJuZY","http://localhost:3101/dog/C2D1SJL100XAJuZY"
"189","0QKgrtOFUIQlRw7q","/dog/0QKgrtOFUIQlRw7q","http://localhost:3101/dog/0QKgrtOFUIQlRw7q"
"190","Ez8yXy6oLp_9aZXR","/dog/Ez8yXy6oLp_9aZXR","http://localhost:3101/dog/Ez8yXy6oLp_9aZXR"
"191","PJLMbHJfxjQAiT3j","/dog/PJLMbHJfxjQAiT3j","http://localhost:3101/dog/PJLMbHJfxjQAiT3j"
"192","FBFaIMs_1hXZ7IFx","/dog/FBFaIMs_1hXZ7IFx","http://localhost:3101/dog/FBFaIMs_1hXZ7IFx"
"193","V5_bgBRDbid_3QRO","/dog/V5_bgBRDbid_3QRO","http://localhost:3101/dog/V5_bgBRDbid_3QRO"
"194","1fkFD41GaKrzSI1N","/dog/1fkFD41GaKrzSI1N","http://localhost:3101/dog/1fkFD41GaKrzSI1N"
"195","A8HbJsVqsbfyMRpW","/dog/A8HbJsVqsbfyMRpW","http://localhost:3101/dog/A8HbJsVqsbfyMRpW"
"196","WMjbuh7NgaInwDng","/dog/WMjbuh7NgaInwDng","http://localhost:3101/dog/WMjbuh7NgaInwDng"
"197","1JawG4AVG-T_Uj4k","/dog/1JawG4AVG-T_Uj4k","http://localhost:3101/dog/1JawG4AVG-T_Uj4k"
"198","_WVTmxktJVCiDNSj","/dog/_WVTmxktJVCiDNSj","http://localhost:3101/dog/_WVTmxktJVCiDNSj"
"199","mCcJJohQrigGuu35","/dog/mCcJJohQrigGuu35","http://localhost:3101/dog/mCcJJohQrigGuu35"
"200","5lJBTvPhvKM6EevY","/dog/5lJBTvPhvKM6EevY","http://localhost:3101/dog/5lJBTvPhvKM6EevY"
"201","IJRclMRSytLsMYgr","/dog/IJRclMRSytLsMYgr","http://localhost:3101/dog/IJRclMRSytLsMYgr"
"202","MJezpGDZdcePfmHN","/dog/MJezpGDZdcePfmHN","http://localhost:3101/dog/MJezpGDZdcePfmHN"
"203","1dKUBd-l8yQOgchk","/dog/1dKUBd-l8yQOgchk","http://localhost:3101/dog/1dKUBd-l8yQOgchk"
"204","VWh84UQ8fAB66ILy","/dog/VWh84UQ8fAB66ILy","http://localhost:3101/dog/VWh84UQ8fAB66ILy"
"205","vP-4X2dX-tKQEMy8","/dog/vP-4X2dX-tKQEMy8","http://localhost:3101/dog/vP-4X2dX-tKQEMy8"
"206","2ac_mEt1unQdVdKr","/dog/2ac_mEt1unQdVdKr","http://localhost:3101/dog/2ac_mEt1unQdVdKr"
"207","6kbLAzqWAt-204Kd","/dog/6kbLAzqWAt-204Kd","http://localhost:3101/dog/6kbLAzqWAt-204Kd"
"208","e7ggIPD3zneVk1AH","/dog/e7ggIPD3zneVk1AH","http://localhost:3101/dog/e7ggIPD3zneVk1AH"
"209","hpQ0Ro7w-IhfTVEw","/dog/hpQ0Ro7w-IhfTVEw","http://localhost:3101/dog/hpQ0Ro7w-IhfTVEw"
"210","kag7ASZsi84mGd-m","/dog/kag7ASZsi84mGd-m","http://localhost:3101/dog/kag7ASZsi84mGd-m"
"211","z7pJbmjSIcPSUNXU","/dog/z7pJbmjSIcPSUNXU","http://localhost:3101/dog/z7pJbmjSIcPSUNXU"
"212","v84mwp9C2se6syTb","/dog/v84mwp9C2se6syTb","http://localhost:3101/dog/v84mwp9C2se6syTb"
"213","d5n5BNDIAvtqYfrG","/dog/d5n5BNDIAvtqYfrG","http://localhost:3101/dog/d5n5BNDIAvtqYfrG"
"214","_RRHeJuoogYvJBvb","/dog/_RRHeJuoogYvJBvb","http://localhost:3101/dog/_RRHeJuoogYvJBvb"
"215","L4me-NPnamycXsbH","/dog/L4me-NPnamycXsbH","http://localhost:3101/dog/L4me-NPnamycXsbH"
"216","xYUaxQLHu7FT_Uon","/dog/xYUaxQLHu7FT_Uon","http://localhost:3101/dog/xYUaxQLHu7FT_Uon"
"217","Ezu0PBIQfxpR_Dyj","/dog/Ezu0PBIQfxpR_Dyj","http://localhost:3101/dog/Ezu0PBIQfxpR_Dyj"
"218","8Ud7-JWwIKw92-Iz","/dog/8Ud7-JWwIKw92-Iz","http://localhost:3101/dog/8Ud7-JWwIKw92-Iz"
"219","6VwOgpz_FvFNiHdw","/dog/6VwOgpz_FvFNiHdw","http://localhost:3101/dog/6VwOgpz_FvFNiHdw"
"220","7H6P8plTCUTIuS3k","/dog/7H6P8plTCUTIuS3k","http://localhost:3101/dog/7H6P8plTCUTIuS3k"
"221","A8hYnFRJnla9tlj0","/dog/A8hYnFRJnla9tlj0","http://localhost:3101/dog/A8hYnFRJnla9tlj0"
"222","wtvXoPF2qCHFGMy_","/dog/wtvXoPF2qCHFGMy_","http://localhost:3101/dog/wtvXoPF2qCHFGMy_"
"223","HauDNxJIdbvgPZUC","/dog/HauDNxJIdbvgPZUC","http://localhost:3101/dog/HauDNxJIdbvgPZUC"
"224","HW9b7IiOlPOIpj1n","/dog/HW9b7IiOlPOIpj1n","http://localhost:3101/dog/HW9b7IiOlPOIpj1n"
"225","0TbEvGYSW2pvcp89","/dog/0TbEvGYSW2pvcp89","http://localhost:3101/dog/0TbEvGYSW2pvcp89"
"226","JLNdjV0gFUQ5CekW","/dog/JLNdjV0gFUQ5CekW","http://localhost:3101/dog/JLNdjV0gFUQ5CekW"
"227","LwKruqWAzzgm83Ll","/dog/LwKruqWAzzgm83Ll","http://localhost:3101/dog/LwKruqWAzzgm83Ll"
"228","mACCwUQqHzZNMe95","/dog/mACCwUQqHzZNMe95","http://localhost:3101/dog/mACCwUQqHzZNMe95"
"229","IFBZyNvPa-EAKo28","/dog/IFBZyNvPa-EAKo28","http://localhost:3101/dog/IFBZyNvPa-EAKo28"
"230","Ari5M30AWB-_usqX","/dog/Ari5M30AWB-_usqX","http://localhost:3101/dog/Ari5M30AWB-_usqX"
"231","la6mHkOFyytPEypD","/dog/la6mHkOFyytPEypD","http://localhost:3101/dog/la6mHkOFyytPEypD"
"232","N5G1NpkJj9m3Qh1O","/dog/N5G1NpkJj9m3Qh1O","http://localhost:3101/dog/N5G1NpkJj9m3Qh1O"
"233","iyV9e6ZDCwSL_fjw","/dog/iyV9e6ZDCwSL_fjw","http://localhost:3101/dog/iyV9e6ZDCwSL_fjw"
"234","coBANgorVzBPsfdt","/dog/coBANgorVzBPsfdt","http://localhost:3101/dog/coBANgorVzBPsfdt"
"235","UyJyL8txo2WH-DQg","/dog/UyJyL8txo2WH-DQg","http://localhost:3101/dog/UyJyL8txo2WH-DQg"
"236","-l5kV2OTBOtPP1PW","/dog/-l5kV2OTBOtPP1PW","http://localhost:3101/dog/-l5kV2OTBOtPP1PW"
"237","CFeDuQepLgDOyyWN","/dog/CFeDuQepLgDOyyWN","http://localhost:3101/dog/CFeDuQepLgDOyyWN"
"238","OWj44EyVeZbD01G3","/dog/OWj44EyVeZbD01G3","http://localhost:3101/dog/OWj44EyVeZbD01G3"
"239","qm03kCJN3n0KFWys","/dog/qm03kCJN3n0KFWys","http://localhost:3101/dog/qm03kCJN3n0KFWys"
"240","Ut5vtIAo_4ZJ_EHY","/dog/Ut5vtIAo_4ZJ_EHY","http://localhost:3101/dog/Ut5vtIAo_4ZJ_EHY"
"241","vDFZOXgJk4mT5DN1","/dog/vDFZOXgJk4mT5DN1","http://localhost:3101/dog/vDFZOXgJk4mT5DN1"
"242","X30JH28RK6-cHuFN","/dog/X30JH28RK6-cHuFN","http://localhost:3101/dog/X30JH28RK6-cHuFN"
"243","fYYWzoOEog5LLGez","/dog/fYYWzoOEog5LLGez","http://localhost:3101/dog/fYYWzoOEog5LLGez"
"244","1_TLyT9huvejPBik","/dog/1_TLyT9huvejPBik","http://localhost:3101/dog/1_TLyT9huvejPBik"
"245","qt8H859XMJL_dH67","/dog/qt8H859XMJL_dH67","http://localhost:3101/dog/qt8H859XMJL_dH67"
"246","AWPmgbAbm6UpPniZ","/dog/AWPmgbAbm6UpPniZ","http://localhost:3101/dog/AWPmgbAbm6UpPniZ"
"247","K5J_J2LvhCBi69K2","/dog/K5J_J2LvhCBi69K2","http://localhost:3101/dog/K5J_J2LvhCBi69K2"
"248","dSMQCfhccKr4jn6C","/dog/dSMQCfhccKr4jn6C","http://localhost:3101/dog/dSMQCfhccKr4jn6C"
"249","2R-A_PTmfAdrzSBB","/dog/2R-A_PTmfAdrzSBB","http://localhost:3101/dog/2R-A_PTmfAdrzSBB"
"250","1Io2CRA9FbiyT58e","/dog/1Io2CRA9FbiyT58e","http://localhost:3101/dog/1Io2CRA9FbiyT58e"
"251","kSmXYqkT8s2FbJxW","/dog/kSmXYqkT8s2FbJxW","http://localhost:3101/dog/kSmXYqkT8s2FbJxW"
"252","M22ikY7gg3NjymCu","/dog/M22ikY7gg3NjymCu","http://localhost:3101/dog/M22ikY7gg3NjymCu"
"253","LO6FoimGo1XDwk7m","/dog/LO6FoimGo1XDwk7m","http://localhost:3101/dog/LO6FoimGo1XDwk7m"
"254","MWupNrr41tZ-TIW0","/dog/MWupNrr41tZ-TIW0","http://localhost:3101/dog/MWupNrr41tZ-TIW0"
"255","Qz1m5s-v3Gkzqnc9","/dog/Qz1m5s-v3Gkzqnc9","http://localhost:3101/dog/Qz1m5s-v3Gkzqnc9"
"256","nUYRfH9iY6A85iNM","/dog/nUYRfH9iY6A85iNM","http://localhost:3101/dog/nUYRfH9iY6A85iNM"
"257","aSGZ_ne405yhvxB3","/dog/aSGZ_ne405yhvxB3","http://localhost:3101/dog/aSGZ_ne405yhvxB3"
"258","My6xhmGQFOm9NBQz","/dog/My6xhmGQFOm9NBQz","http://localhost:3101/dog/My6xhmGQFOm9NBQz"
"259","zd_cuRHNGWQr9Ul4","/dog/zd_cuRHNGWQr9Ul4","http://localhost:3101/dog/zd_cuRHNGWQr9Ul4"
"260","EoDyy6IcN-EcgWQV","/dog/EoDyy6IcN-EcgWQV","http://localhost:3101/dog/EoDyy6IcN-EcgWQV"
"261","SoOuJZjl5Hjv5OII","/dog/SoOuJZjl5Hjv5OII","http://localhost:3101/dog/SoOuJZjl5Hjv5OII"
"262","rAraX8m7SlQDkHYq","/dog/rAraX8m7SlQDkHYq","http://localhost:3101/dog/rAraX8m7SlQDkHYq"
"263","xeK-k06g-91DOk2l","/dog/xeK-k06g-91DOk2l","http://localhost:3101/dog/xeK-k06g-91DOk2l"
"264","M9C_MMG-uNrkuh35","/dog/M9C_MMG-uNrkuh35","http://localhost:3101/dog/M9C_MMG-uNrkuh35"
"265","Uo3oF6erH-4wELCK","/dog/Uo3oF6erH-4wELCK","http://localhost:3101/dog/Uo3oF6erH-4wELCK"
"266","hs9TNOWSO_3MuvmC","/dog/hs9TNOWSO_3MuvmC","http://localhost:3101/dog/hs9TNOWSO_3MuvmC"
"267","5sNngGTi3e6C0y_m","/dog/5sNngGTi3e6C0y_m","http://localhost:3101/dog/5sNngGTi3e6C0y_m"
"268","W9rkY6jXgpTkbrFm","/dog/W9rkY6jXgpTkbrFm","http://localhost:3101/dog/W9rkY6jXgpTkbrFm"
"269","zo-AuSWwBeHp2qdq","/dog/zo-AuSWwBeHp2qdq","http://localhost:3101/dog/zo-AuSWwBeHp2qdq"
"270","mNQVYcTSJvM9s6EI","/dog/mNQVYcTSJvM9s6EI","http://localhost:3101/dog/mNQVYcTSJvM9s6EI"
"271","-qNka1sNrlimHLFs","/dog/-qNka1sNrlimHLFs","http://localhost:3101/dog/-qNka1sNrlimHLFs"
"272","iJm65zxv6SS_gN3_","/dog/iJm65zxv6SS_gN3_","http://localhost:3101/dog/iJm65zxv6SS_gN3_"
"273","sR5-vBJLOuBzjBhy","/dog/sR5-vBJLOuBzjBhy","http://localhost:3101/dog/sR5-vBJLOuBzjBhy"
"274","b9nNDM2KnIDKHP0h","/dog/b9nNDM2KnIDKHP0h","http://localhost:3101/dog/b9nNDM2KnIDKHP0h"
"275","ag9w9zNqveFoW9Mp","/dog/ag9w9zNqveFoW9Mp","http://localhost:3101/dog/ag9w9zNqveFoW9Mp"
"276","pACSPRN_NK8eHBtL","/dog/pACSPRN_NK8eHBtL","http://localhost:3101/dog/pACSPRN_NK8eHBtL"
"277","q7IwW5rc1Tp6bDF_","/dog/q7IwW5rc1Tp6bDF_","http://localhost:3101/dog/q7IwW5rc1Tp6bDF_"
"278","c3_TngVMt64707Kv","/dog/c3_TngVMt64707Kv","http://localhost:3101/dog/c3_TngVMt64707Kv"
"279","468n-d2CSDb4np5j","/dog/468n-d2CSDb4np5j","http://localhost:3101/dog/468n-d2CSDb4np5j"
"280","hP0Z6h0tUJbBHVbB","/dog/hP0Z6h0tUJbBHVbB","http://localhost:3101/dog/hP0Z6h0tUJbBHVbB"
"281","KLTPOyRWGH6i_mwq","/dog/KLTPOyRWGH6i_mwq","http://localhost:3101/dog/KLTPOyRWGH6i_mwq"
"282","OrrLWUYswobwrzNm","/dog/OrrLWUYswobwrzNm","http://localhost:3101/dog/OrrLWUYswobwrzNm"
"283","ii3THc30z146IDxY","/dog/ii3THc30z146IDxY","http://localhost:3101/dog/ii3THc30z146IDxY"
"284","hF8ZEsKAtpUFSM1S","/dog/hF8ZEsKAtpUFSM1S","http://localhost:3101/dog/hF8ZEsKAtpUFSM1S"
"285","fNiZ-u2WNpV_hKwJ","/dog/fNiZ-u2WNpV_hKwJ","http://localhost:3101/dog/fNiZ-u2WNpV_hKwJ"
"286","v3dWwPbqOxOxZR0B","/dog/v3dWwPbqOxOxZR0B","http://localhost:3101/dog/v3dWwPbqOxOxZR0B"
"287","0fQQLIPEm5v0HFZH","/dog/0fQQLIPEm5v0HFZH","http://localhost:3101/dog/0fQQLIPEm5v0HFZH"
"288","Gk-YyiSMJC3Rj9IL","/dog/Gk-YyiSMJC3Rj9IL","http://localhost:3101/dog/Gk-YyiSMJC3Rj9IL"
"289","AMAS6dIvHuhQxzmY","/dog/AMAS6dIvHuhQxzmY","http://localhost:3101/dog/AMAS6dIvHuhQxzmY"
"290","bDk9Ccvi1XEvKY1t","/dog/bDk9Ccvi1XEvKY1t","http://localhost:3101/dog/bDk9Ccvi1XEvKY1t"
"291","XYZUz4h6Y-Az4Abw","/dog/XYZUz4h6Y-Az4Abw","http://localhost:3101/dog/XYZUz4h6Y-Az4Abw"
"292","436OLYWJQXLoBinM","/dog/436OLYWJQXLoBinM","http://localhost:3101/dog/436OLYWJQXLoBinM"
"293","zFrKOFLCbXGh0ow7","/dog/zFrKOFLCbXGh0ow7","http://localhost:3101/dog/zFrKOFLCbXGh0ow7"
"294","H-OObSE23aeg44Qo","/dog/H-OObSE23aeg44Qo","http://localhost:3101/dog/H-OObSE23aeg44Qo"
"295","lYROJX3TIE0V31dU","/dog/lYROJX3TIE0V31dU","http://localhost:3101/dog/lYROJX3TIE0V31dU"
"296","qGYO3OLmFSCu1Bs3","/dog/qGYO3OLmFSCu1Bs3","http://localhost:3101/dog/qGYO3OLmFSCu1Bs3"
"297","6SPn3G6m5SyP48oB","/dog/6SPn3G6m5SyP48oB","http://localhost:3101/dog/6SPn3G6m5SyP48oB"
"298","wkT9TnxuOSmJECA5","/dog/wkT9TnxuOSmJECA5","http://localhost:3101/dog/wkT9TnxuOSmJECA5"
"299","v_e480hB8H603m12","/dog/v_e480hB8H603m12","http://localhost:3101/dog/v_e480hB8H603m12"
"300","9fLwvdkzBCElRY-q","/dog/9fLwvdkzBCElRY-q","http://localhost:3101/dog/9fLwvdkzBCElRY-q"
"301","InisyGmgHTQXG4tS","/dog/InisyGmgHTQXG4tS","http://localhost:3101/dog/InisyGmgHTQXG4tS"
"302","zr9Qq3Yi6F8fM8TH","/dog/zr9Qq3Yi6F8fM8TH","http://localhost:3101/dog/zr9Qq3Yi6F8fM8TH"
"303","FwkQ2Jhcswh5_QQD","/dog/FwkQ2Jhcswh5_QQD","http://localhost:3101/dog/FwkQ2Jhcswh5_QQD"
"304","xDdX-TAbSS06xnFl","/dog/xDdX-TAbSS06xnFl","http://localhost:3101/dog/xDdX-TAbSS06xnFl"
"305","tpw1cmbiSn8qrXkZ","/dog/tpw1cmbiSn8qrXkZ","http://localhost:3101/dog/tpw1cmbiSn8qrXkZ"
"306","s16rIz5oreA_bZ31","/dog/s16rIz5oreA_bZ31","http://localhost:3101/dog/s16rIz5oreA_bZ31"
"307","X9-C5Ajsgj_lwks1","/dog/X9-C5Ajsgj_lwks1","http://localhost:3101/dog/X9-C5Ajsgj_lwks1"
"308","pmxPVsqLWFfOsnWt","/dog/pmxPVsqLWFfOsnWt","http://localhost:3101/dog/pmxPVsqLWFfOsnWt"
"309","aJRkWZOhLXIUcRf9","/dog/aJRkWZOhLXIUcRf9","http://localhost:3101/dog/aJRkWZOhLXIUcRf9"
"310","gvD2MUO4jFkrp3H2","/dog/gvD2MUO4jFkrp3H2","http://localhost:3101/dog/gvD2MUO4jFkrp3H2"
"311","Fb_tic6XoJmD1-Jp","/dog/Fb_tic6XoJmD1-Jp","http://localhost:3101/dog/Fb_tic6XoJmD1-Jp"
"312","Qm8Z9duHj4QVDlfs","/dog/Qm8Z9duHj4QVDlfs","http://localhost:3101/dog/Qm8Z9duHj4QVDlfs"
"313","SA7Tmo2TbwktqH1T","/dog/SA7Tmo2TbwktqH1T","http://localhost:3101/dog/SA7Tmo2TbwktqH1T"
"314","nQ-460iEQt7JDZIL","/dog/nQ-460iEQt7JDZIL","http://localhost:3101/dog/nQ-460iEQt7JDZIL"
"315","PwxghRFVcq-Aw5S3","/dog/PwxghRFVcq-Aw5S3","http://localhost:3101/dog/PwxghRFVcq-Aw5S3"
"316","sUba_puMLYCbCwjn","/dog/sUba_puMLYCbCwjn","http://localhost:3101/dog/sUba_puMLYCbCwjn"
"317","NdEpU0ujwxO5Y-7D","/dog/NdEpU0ujwxO5Y-7D","http://localhost:3101/dog/NdEpU0ujwxO5Y-7D"
"318","odHqh-ukyJY5lkS0","/dog/odHqh-ukyJY5lkS0","http://localhost:3101/dog/odHqh-ukyJY5lkS0"
"319","qs5Vsd4iQ84zc_yh","/dog/qs5Vsd4iQ84zc_yh","http://localhost:3101/dog/qs5Vsd4iQ84zc_yh"
"320","de0M-lttBhDpD9y3","/dog/de0M-lttBhDpD9y3","http://localhost:3101/dog/de0M-lttBhDpD9y3"
"321","Nb3XTOSxHqGSlbKt","/dog/Nb3XTOSxHqGSlbKt","http://localhost:3101/dog/Nb3XTOSxHqGSlbKt"
"322","5u-iVqVpXR1SbT1J","/dog/5u-iVqVpXR1SbT1J","http://localhost:3101/dog/5u-iVqVpXR1SbT1J"
"323","5G6zb4bVs5EaNjU8","/dog/5G6zb4bVs5EaNjU8","http://localhost:3101/dog/5G6zb4bVs5EaNjU8"
"324","Jmwaqqujps8gjjKk","/dog/Jmwaqqujps8gjjKk","http://localhost:3101/dog/Jmwaqqujps8gjjKk"
"325","B88GC0v52YXyaNrr","/dog/B88GC0v52YXyaNrr","http://localhost:3101/dog/B88GC0v52YXyaNrr"
"326","jVfrrBd5UY-3Gkfj","/dog/jVfrrBd5UY-3Gkfj","http://localhost:3101/dog/jVfrrBd5UY-3Gkfj"
"327","2zc4dwDM9GDehaXz","/dog/2zc4dwDM9GDehaXz","http://localhost:3101/dog/2zc4dwDM9GDehaXz"
"328","fZ863OAxSGIoGOZQ","/dog/fZ863OAxSGIoGOZQ","http://localhost:3101/dog/fZ863OAxSGIoGOZQ"
"329","2QAdVIF86tIIADmc","/dog/2QAdVIF86tIIADmc","http://localhost:3101/dog/2QAdVIF86tIIADmc"
"330","TJa20KUNKcSH__63","/dog/TJa20KUNKcSH__63","http://localhost:3101/dog/TJa20KUNKcSH__63"
"331","H3WTG9s4vUpvcZbU","/dog/H3WTG9s4vUpvcZbU","http://localhost:3101/dog/H3WTG9s4vUpvcZbU"
"332","BH5mmM3vsC5pqYTT","/dog/BH5mmM3vsC5pqYTT","http://localhost:3101/dog/BH5mmM3vsC5pqYTT"
"333","Am1zsGqqG7pakFKN","/dog/Am1zsGqqG7pakFKN","http://localhost:3101/dog/Am1zsGqqG7pakFKN"
"334","L8-Ds2xpcdeVJ0D6","/dog/L8-Ds2xpcdeVJ0D6","http://localhost:3101/dog/L8-Ds2xpcdeVJ0D6"
"335","ZbtyXF5akkY-GzAj","/dog/ZbtyXF5akkY-GzAj","http://localhost:3101/dog/ZbtyXF5akkY-GzAj"
"336","9meVKiyswzUAwlw_","/dog/9meVKiyswzUAwlw_","http://localhost:3101/dog/9meVKiyswzUAwlw_"
"337","i5GtD0iaibCFDu9D","/dog/i5GtD0iaibCFDu9D","http://localhost:3101/dog/i5GtD0iaibCFDu9D"
"338","qK2GJ0o74rGt_Ebr","/dog/qK2GJ0o74rGt_Ebr","http://localhost:3101/dog/qK2GJ0o74rGt_Ebr"
"339","baTC_vTSIi_svqMn","/dog/baTC_vTSIi_svqMn","http://localhost:3101/dog/baTC_vTSIi_svqMn"
"340","xoUsbfvM9HeoYwz5","/dog/xoUsbfvM9HeoYwz5","http://localhost:3101/dog/xoUsbfvM9HeoYwz5"
"341","_-sm0Md0CJbPs3c4","/dog/_-sm0Md0CJbPs3c4","http://localhost:3101/dog/_-sm0Md0CJbPs3c4"
"342","8TYvCM221X_KxQPg","/dog/8TYvCM221X_KxQPg","http://localhost:3101/dog/8TYvCM221X_KxQPg"
"343","vruPFUfSvI_-C_yM","/dog/vruPFUfSvI_-C_yM","http://localhost:3101/dog/vruPFUfSvI_-C_yM"
"344","YVJJYhH_9Z3FMWUk","/dog/YVJJYhH_9Z3FMWUk","http://localhost:3101/dog/YVJJYhH_9Z3FMWUk"
"345","BYCcl8EQaColnHM3","/dog/BYCcl8EQaColnHM3","http://localhost:3101/dog/BYCcl8EQaColnHM3"
"346","3zJH5Z8LkGB2LH6J","/dog/3zJH5Z8LkGB2LH6J","http://localhost:3101/dog/3zJH5Z8LkGB2LH6J"
"347","wo8zULhQ6HtAFVy6","/dog/wo8zULhQ6HtAFVy6","http://localhost:3101/dog/wo8zULhQ6HtAFVy6"
"348","kynbkKP_9AjUtJaa","/dog/kynbkKP_9AjUtJaa","http://localhost:3101/dog/kynbkKP_9AjUtJaa"
"349","_9tWnxoTSE65szQk","/dog/_9tWnxoTSE65szQk","http://localhost:3101/dog/_9tWnxoTSE65szQk"
"350","GPJaaC6wpFKBEQzD","/dog/GPJaaC6wpFKBEQzD","http://localhost:3101/dog/GPJaaC6wpFKBEQzD"
"351","xe3V67eX7g1jqKe1","/dog/xe3V67eX7g1jqKe1","http://localhost:3101/dog/xe3V67eX7g1jqKe1"
"352","XaqPyJSuM5iIpeN7","/dog/XaqPyJSuM5iIpeN7","http://localhost:3101/dog/XaqPyJSuM5iIpeN7"
"353","hYUXfduUfcB7kbS0","/dog/hYUXfduUfcB7kbS0","http://localhost:3101/dog/hYUXfduUfcB7kbS0"
"354","GahjItO663urusg_","/dog/GahjItO663urusg_","http://localhost:3101/dog/GahjItO663urusg_"
"355","nCIflOGtnlOI6l5L","/dog/nCIflOGtnlOI6l5L","http://localhost:3101/dog/nCIflOGtnlOI6l5L"
"356","lXWEgiuFX10wIjm9","/dog/lXWEgiuFX10wIjm9","http://localhost:3101/dog/lXWEgiuFX10wIjm9"
"357","EyVy_cW1lt_m8CQL","/dog/EyVy_cW1lt_m8CQL","http://localhost:3101/dog/EyVy_cW1lt_m8CQL"
"358","5cttY2LmQmPdXB_n","/dog/5cttY2LmQmPdXB_n","http://localhost:3101/dog/5cttY2LmQmPdXB_n"
"359","yM7s3rKyaqftFfF1","/dog/yM7s3rKyaqftFfF1","http://localhost:3101/dog/yM7s3rKyaqftFfF1"
"360","En4nm5HY8elb5zsU","/dog/En4nm5HY8elb5zsU","http://localhost:3101/dog/En4nm5HY8elb5zsU"
"361","UqTiOX09fFOU0jTX","/dog/UqTiOX09fFOU0jTX","http://localhost:3101/dog/UqTiOX09fFOU0jTX"
"362","4beIMMXUBbZ-1zuP","/dog/4beIMMXUBbZ-1zuP","http://localhost:3101/dog/4beIMMXUBbZ-1zuP"
"363","kvVtT9agQrMDprE7","/dog/kvVtT9agQrMDprE7","http://localhost:3101/dog/kvVtT9agQrMDprE7"
"364","wTngv37Bx0TOEvdZ","/dog/wTngv37Bx0TOEvdZ","http://localhost:3101/dog/wTngv37Bx0TOEvdZ"
"365","a8TGov9AZROsZB0M","/dog/a8TGov9AZROsZB0M","http://localhost:3101/dog/a8TGov9AZROsZB0M"
"366","mTpKIbInmoEi_Qon","/dog/mTpKIbInmoEi_Qon","http://localhost:3101/dog/mTpKIbInmoEi_Qon"
"367","X6FrPLiwT66DkCIK","/dog/X6FrPLiwT66DkCIK","http://localhost:3101/dog/X6FrPLiwT66DkCIK"
"368","xlEDr-tkCkHB9ugW","/dog/xlEDr-tkCkHB9ugW","http://localhost:3101/dog/xlEDr-tkCkHB9ugW"
"369","sBPdB45BRDYhNRwW","/dog/sBPdB45BRDYhNRwW","http://localhost:3101/dog/sBPdB45BRDYhNRwW"
"370","w4hCdrdNInN5-o0o","/dog/w4hCdrdNInN5-o0o","http://localhost:3101/dog/w4hCdrdNInN5-o0o"
"371","L-c2bqrMAdOSbm83","/dog/L-c2bqrMAdOSbm83","http://localhost:3101/dog/L-c2bqrMAdOSbm83"
"372","DKLqgmAZjRp4JOQo","/dog/DKLqgmAZjRp4JOQo","http://localhost:3101/dog/DKLqgmAZjRp4JOQo"
"373","Te-ikgPtc8qrwbGc","/dog/Te-ikgPtc8qrwbGc","http://localhost:3101/dog/Te-ikgPtc8qrwbGc"
"374","4QiL8xETNMCfpi4u","/dog/4QiL8xETNMCfpi4u","http://localhost:3101/dog/4QiL8xETNMCfpi4u"
"375","rOJOY5E7-v6CdwbO","/dog/rOJOY5E7-v6CdwbO","http://localhost:3101/dog/rOJOY5E7-v6CdwbO"
"376","sOt_dueWD8iIm2n3","/dog/sOt_dueWD8iIm2n3","http://localhost:3101/dog/sOt_dueWD8iIm2n3"
"377","4D1VomMxXsjx2OPI","/dog/4D1VomMxXsjx2OPI","http://localhost:3101/dog/4D1VomMxXsjx2OPI"
"378","cx5wgZIZJSfbofIQ","/dog/cx5wgZIZJSfbofIQ","http://localhost:3101/dog/cx5wgZIZJSfbofIQ"
"379","M3hlCzupE3OuMvmC","/dog/M3hlCzupE3OuMvmC","http://localhost:3101/dog/M3hlCzupE3OuMvmC"
"380","MLGKVNOvxPUWurs0","/dog/MLGKVNOvxPUWurs0","http://localhost:3101/dog/MLGKVNOvxPUWurs0"
"381","KfPnHzRtHfKEX3_o","/dog/KfPnHzRtHfKEX3_o","http://localhost:3101/dog/KfPnHzRtHfKEX3_o"
"382","5LzXsFGGoXM8_Lpt","/dog/5LzXsFGGoXM8_Lpt","http://localhost:3101/dog/5LzXsFGGoXM8_Lpt"
"383","gCey95PKoT4QnR-V","/dog/gCey95PKoT4QnR-V","http://localhost:3101/dog/gCey95PKoT4QnR-V"
"384","O6DPQ6CChC08HSir","/dog/O6DPQ6CChC08HSir","http://localhost:3101/dog/O6DPQ6CChC08HSir"
"385","S18z2U5ZKEyXF2bU","/dog/S18z2U5ZKEyXF2bU","http://localhost:3101/dog/S18z2U5ZKEyXF2bU"
"386","9ffCk0O-uSL4Bel2","/dog/9ffCk0O-uSL4Bel2","http://localhost:3101/dog/9ffCk0O-uSL4Bel2"
"387","0mtKjus6JkvB5cxC","/dog/0mtKjus6JkvB5cxC","http://localhost:3101/dog/0mtKjus6JkvB5cxC"
"388","XlXb7SYOTslxg5fd","/dog/XlXb7SYOTslxg5fd","http://localhost:3101/dog/XlXb7SYOTslxg5fd"
"389","POrzF3tjkJmwHh4K","/dog/POrzF3tjkJmwHh4K","http://localhost:3101/dog/POrzF3tjkJmwHh4K"
"390","L2Lg5gUNoniTIcf9","/dog/L2Lg5gUNoniTIcf9","http://localhost:3101/dog/L2Lg5gUNoniTIcf9"
"391","Pi-fGTbDdWQRmyoy","/dog/Pi-fGTbDdWQRmyoy","http://localhost:3101/dog/Pi-fGTbDdWQRmyoy"
"392","pfd4BjDmt89zg35D","/dog/pfd4BjDmt89zg35D","http://localhost:3101/dog/pfd4BjDmt89zg35D"
"393","UBBwqtfs45a0MkwW","/dog/UBBwqtfs45a0MkwW","http://localhost:3101/dog/UBBwqtfs45a0MkwW"
"394","tb7wvqGfC4SRTBfK","/dog/tb7wvqGfC4SRTBfK","http://localhost:3101/dog/tb7wvqGfC4SRTBfK"
"395","z1tfHEbDLAltrSQu","/dog/z1tfHEbDLAltrSQu","http://localhost:3101/dog/z1tfHEbDLAltrSQu"
"396","IlYy_WTwNtF9Eee9","/dog/IlYy_WTwNtF9Eee9","http://localhost:3101/dog/IlYy_WTwNtF9Eee9"
"397","0W8sH7-_KfD01dsv","/dog/0W8sH7-_KfD01dsv","http://localhost:3101/dog/0W8sH7-_KfD01dsv"
"398","zXLy0eJ2YYtLT_yi","/dog/zXLy0eJ2YYtLT_yi","http://localhost:3101/dog/zXLy0eJ2YYtLT_yi"
"399","__cxMVNpI8pTxuY9","/dog/__cxMVNpI8pTxuY9","http://localhost:3101/dog/__cxMVNpI8pTxuY9"
"400","53b2RWIhsexS7CJz","/dog/53b2RWIhsexS7CJz","http://localhost:3101/dog/53b2RWIhsexS7CJz"
"401","FWlUR6d-GPVgQCR6","/dog/FWlUR6d-GPVgQCR6","http://localhost:3101/dog/FWlUR6d-GPVgQCR6"
"402","wuC9k3fELFJmeNQd","/dog/wuC9k3fELFJmeNQd","http://localhost:3101/dog/wuC9k3fELFJmeNQd"
"403","MV3XQqjzN1vxtQYv","/dog/MV3XQqjzN1vxtQYv","http://localhost:3101/dog/MV3XQqjzN1vxtQYv"
"404","9P4dCmRCSXZihZvI","/dog/9P4dCmRCSXZihZvI","http://localhost:3101/dog/9P4dCmRCSXZihZvI"
"405","cDDH0NGj00lGrCQv","/dog/cDDH0NGj00lGrCQv","http://localhost:3101/dog/cDDH0NGj00lGrCQv"
"406","8oLFjmg48zXcYR_c","/dog/8oLFjmg48zXcYR_c","http://localhost:3101/dog/8oLFjmg48zXcYR_c"
"407","X52r6n8fgh4oHdCq","/dog/X52r6n8fgh4oHdCq","http://localhost:3101/dog/X52r6n8fgh4oHdCq"
"408","PwNxwyk9ggshEKGd","/dog/PwNxwyk9ggshEKGd","http://localhost:3101/dog/PwNxwyk9ggshEKGd"
"409","rFZusZaNcxTZ_7L3","/dog/rFZusZaNcxTZ_7L3","http://localhost:3101/dog/rFZusZaNcxTZ_7L3"
"410","SZRpTk2QgkpDd-4D","/dog/SZRpTk2QgkpDd-4D","http://localhost:3101/dog/SZRpTk2QgkpDd-4D"
"411","SrPZXgaanuPR3sxQ","/dog/SrPZXgaanuPR3sxQ","http://localhost:3101/dog/SrPZXgaanuPR3sxQ"
"412","9GiqUvKpMSu36tb6","/dog/9GiqUvKpMSu36tb6","http://localhost:3101/dog/9GiqUvKpMSu36tb6"
"413","_HPwjuFjo8710pRp","/dog/_HPwjuFjo8710pRp","http://localhost:3101/dog/_HPwjuFjo8710pRp"
"414","bTKdlNnhBromHFZl","/dog/bTKdlNnhBromHFZl","http://localhost:3101/dog/bTKdlNnhBromHFZl"
"415","XYx6BG_P55B_cUoZ","/dog/XYx6BG_P55B_cUoZ","http://localhost:3101/dog/XYx6BG_P55B_cUoZ"
"416","8_eAMGQefw9Me-IR","/dog/8_eAMGQefw9Me-IR","http://localhost:3101/dog/8_eAMGQefw9Me-IR"
"417","_FGeXZISDJkxazG_","/dog/_FGeXZISDJkxazG_","http://localhost:3101/dog/_FGeXZISDJkxazG_"
"418","xebiBKj_53rK8JQj","/dog/xebiBKj_53rK8JQj","http://localhost:3101/dog/xebiBKj_53rK8JQj"
"419","KNrL1He60op0VRiM","/dog/KNrL1He60op0VRiM","http://localhost:3101/dog/KNrL1He60op0VRiM"
"420","cjloMxVposuyTctV","/dog/cjloMxVposuyTctV","http://localhost:3101/dog/cjloMxVposuyTctV"
"421","IC8cqtSEA5JlnU0l","/dog/IC8cqtSEA5JlnU0l","http://localhost:3101/dog/IC8cqtSEA5JlnU0l"
"422","KkzPDrJ9_-jJ9u70","/dog/KkzPDrJ9_-jJ9u70","http://localhost:3101/dog/KkzPDrJ9_-jJ9u70"
"423","GRY3SpHdGhx6sv1y","/dog/GRY3SpHdGhx6sv1y","http://localhost:3101/dog/GRY3SpHdGhx6sv1y"
"424","EGJzlS7dHkJZqOXv","/dog/EGJzlS7dHkJZqOXv","http://localhost:3101/dog/EGJzlS7dHkJZqOXv"
"425","EbPboqLZuWdQTvhd","/dog/EbPboqLZuWdQTvhd","http://localhost:3101/dog/EbPboqLZuWdQTvhd"
"426","PXHgIX_GRjbhQtIP","/dog/PXHgIX_GRjbhQtIP","http://localhost:3101/dog/PXHgIX_GRjbhQtIP"
"427","eHN3Ej_Ywchn4gTR","/dog/eHN3Ej_Ywchn4gTR","http://localhost:3101/dog/eHN3Ej_Ywchn4gTR"
"428","dXWbK7uVj_34RKbO","/dog/dXWbK7uVj_34RKbO","http://localhost:3101/dog/dXWbK7uVj_34RKbO"
"429","pe4IWOsnDrLAGNmi","/dog/pe4IWOsnDrLAGNmi","http://localhost:3101/dog/pe4IWOsnDrLAGNmi"
"430","XBS_jykfqA1H5ET7","/dog/XBS_jykfqA1H5ET7","http://localhost:3101/dog/XBS_jykfqA1H5ET7"
"431","6QusaMP1zF4Shr2D","/dog/6QusaMP1zF4Shr2D","http://localhost:3101/dog/6QusaMP1zF4Shr2D"
"432","e3rhVrX7Bu9n2Rrk","/dog/e3rhVrX7Bu9n2Rrk","http://localhost:3101/dog/e3rhVrX7Bu9n2Rrk"
"433","kAvdg2TsWd6PoCmg","/dog/kAvdg2TsWd6PoCmg","http://localhost:3101/dog/kAvdg2TsWd6PoCmg"
"434","aQzJUMs94b7_SlNC","/dog/aQzJUMs94b7_SlNC","http://localhost:3101/dog/aQzJUMs94b7_SlNC"
"435","9YlV0vXeh84aIy73","/dog/9YlV0vXeh84aIy73","http://localhost:3101/dog/9YlV0vXeh84aIy73"
"436","-tTG1nqrBt3ZBhW-","/dog/-tTG1nqrBt3ZBhW-","http://localhost:3101/dog/-tTG1nqrBt3ZBhW-"
"437","_NrdOQwcBl5gePuM","/dog/_NrdOQwcBl5gePuM","http://localhost:3101/dog/_NrdOQwcBl5gePuM"
"438","rXE-FnkklmPgkwOJ","/dog/rXE-FnkklmPgkwOJ","http://localhost:3101/dog/rXE-FnkklmPgkwOJ"
"439","UZB8r7y5nzifZs-6","/dog/UZB8r7y5nzifZs-6","http://localhost:3101/dog/UZB8r7y5nzifZs-6"
"440","k5fDrR0CEW50_7WK","/dog/k5fDrR0CEW50_7WK","http://localhost:3101/dog/k5fDrR0CEW50_7WK"
"441","4YKxTvLSV4eHj97p","/dog/4YKxTvLSV4eHj97p","http://localhost:3101/dog/4YKxTvLSV4eHj97p"
"442","BLbBAy2JHnzyQDrC","/dog/BLbBAy2JHnzyQDrC","http://localhost:3101/dog/BLbBAy2JHnzyQDrC"
"443","_x3co4LWvSOXUgZb","/dog/_x3co4LWvSOXUgZb","http://localhost:3101/dog/_x3co4LWvSOXUgZb"
"444","ploAeJpLOz8TCHS3","/dog/ploAeJpLOz8TCHS3","http://localhost:3101/dog/ploAeJpLOz8TCHS3"
"445","Al5GNZMSisxX6tVT","/dog/Al5GNZMSisxX6tVT","http://localhost:3101/dog/Al5GNZMSisxX6tVT"
"446","3SpNSmyLfV3lANb6","/dog/3SpNSmyLfV3lANb6","http://localhost:3101/dog/3SpNSmyLfV3lANb6"
"447","AyknCVp5r_u7jtg3","/dog/AyknCVp5r_u7jtg3","http://localhost:3101/dog/AyknCVp5r_u7jtg3"
"448","eRdmFpZt2NH46K7J","/dog/eRdmFpZt2NH46K7J","http://localhost:3101/dog/eRdmFpZt2NH46K7J"
"449","FbyBIi_djhx3lUpt","/dog/FbyBIi_djhx3lUpt","http://localhost:3101/dog/FbyBIi_djhx3lUpt"
"450","r4lxbtiAC7Cx-Bgx","/dog/r4lxbtiAC7Cx-Bgx","http://localhost:3101/dog/r4lxbtiAC7Cx-Bgx"
"451","oAVqXcaN0OCiz4Nx","/dog/oAVqXcaN0OCiz4Nx","http://localhost:3101/dog/oAVqXcaN0OCiz4Nx"
"452","zjqXXwxjMmlG0AI5","/dog/zjqXXwxjMmlG0AI5","http://localhost:3101/dog/zjqXXwxjMmlG0AI5"
"453","PAG9rLbgbd0w5Jft","/dog/PAG9rLbgbd0w5Jft","http://localhost:3101/dog/PAG9rLbgbd0w5Jft"
"454","V9nsgm8u7GNbyvlA","/dog/V9nsgm8u7GNbyvlA","http://localhost:3101/dog/V9nsgm8u7GNbyvlA"
"455","sNHGKdrleVQvSGe5","/dog/sNHGKdrleVQvSGe5","http://localhost:3101/dog/sNHGKdrleVQvSGe5"
"456","QbGok2I3u2QR4WEA","/dog/QbGok2I3u2QR4WEA","http://localhost:3101/dog/QbGok2I3u2QR4WEA"
"457","snL1Zco4QLyY3FL7","/dog/snL1Zco4QLyY3FL7","http://localhost:3101/dog/snL1Zco4QLyY3FL7"
"458","fUK_rDH8CIlv6Hgf","/dog/fUK_rDH8CIlv6Hgf","http://localhost:3101/dog/fUK_rDH8CIlv6Hgf"
"459","j6F_Bv8hbUEgPedK","/dog/j6F_Bv8hbUEgPedK","http://localhost:3101/dog/j6F_Bv8hbUEgPedK"
"460","9PJf0bSNBDfdzwXL","/dog/9PJf0bSNBDfdzwXL","http://localhost:3101/dog/9PJf0bSNBDfdzwXL"
"461","WnzpgYV42T_mhB7N","/dog/WnzpgYV42T_mhB7N","http://localhost:3101/dog/WnzpgYV42T_mhB7N"
"462","NgtvNyJvhiedWQ3u","/dog/NgtvNyJvhiedWQ3u","http://localhost:3101/dog/NgtvNyJvhiedWQ3u"
"463","lT6sA-KzKIWn7XdQ","/dog/lT6sA-KzKIWn7XdQ","http://localhost:3101/dog/lT6sA-KzKIWn7XdQ"
"464","efdoeSweslEoKqUh","/dog/efdoeSweslEoKqUh","http://localhost:3101/dog/efdoeSweslEoKqUh"
"465","Av-hKZ6F89v28ACv","/dog/Av-hKZ6F89v28ACv","http://localhost:3101/dog/Av-hKZ6F89v28ACv"
"466","c9XL54kNqP1EjqHR","/dog/c9XL54kNqP1EjqHR","http://localhost:3101/dog/c9XL54kNqP1EjqHR"
"467","T6SwRbP6GM19nQNl","/dog/T6SwRbP6GM19nQNl","http://localhost:3101/dog/T6SwRbP6GM19nQNl"
"468","FFPIJ2Hq9yzcEbZV","/dog/FFPIJ2Hq9yzcEbZV","http://localhost:3101/dog/FFPIJ2Hq9yzcEbZV"
"469","r2GXN8QdNx_XXQ6q","/dog/r2GXN8QdNx_XXQ6q","http://localhost:3101/dog/r2GXN8QdNx_XXQ6q"
"470","1xjlO3xdDHBUGJk_","/dog/1xjlO3xdDHBUGJk_","http://localhost:3101/dog/1xjlO3xdDHBUGJk_"
"471","r1GIOaAuTynsQ22C","/dog/r1GIOaAuTynsQ22C","http://localhost:3101/dog/r1GIOaAuTynsQ22C"
"472","9djG5Kt7fbDoZ6dn","/dog/9djG5Kt7fbDoZ6dn","http://localhost:3101/dog/9djG5Kt7fbDoZ6dn"
"473","hht_kNis30RNe2Y-","/dog/hht_kNis30RNe2Y-","http://localhost:3101/dog/hht_kNis30RNe2Y-"
"474","O-ScCjUrL07ENaES","/dog/O-ScCjUrL07ENaES","http://localhost:3101/dog/O-ScCjUrL07ENaES"
"475","k5Z895zUmPa1JI_j","/dog/k5Z895zUmPa1JI_j","http://localhost:3101/dog/k5Z895zUmPa1JI_j"
"476","XGxiwBhnCk0dzGlq","/dog/XGxiwBhnCk0dzGlq","http://localhost:3101/dog/XGxiwBhnCk0dzGlq"
"477","-DPHY9dh8-qFz3uM","/dog/-DPHY9dh8-qFz3uM","http://localhost:3101/dog/-DPHY9dh8-qFz3uM"
"478","xDL3BD7_JytxtfVI","/dog/xDL3BD7_JytxtfVI","http://localhost:3101/dog/xDL3BD7_JytxtfVI"
"479","YnLZakoIdomxUmeo","/dog/YnLZakoIdomxUmeo","http://localhost:3101/dog/YnLZakoIdomxUmeo"
"480","99GtJj9VG4Orjv8S","/dog/99GtJj9VG4Orjv8S","http://localhost:3101/dog/99GtJj9VG4Orjv8S"
"481","NQAGsriatSqWECYY","/dog/NQAGsriatSqWECYY","http://localhost:3101/dog/NQAGsriatSqWECYY"
"482","CltOqoL2zIyoC081","/dog/CltOqoL2zIyoC081","http://localhost:3101/dog/CltOqoL2zIyoC081"
"483","MjXYP1_du22z5oEO","/dog/MjXYP1_du22z5oEO","http://localhost:3101/dog/MjXYP1_du22z5oEO"
"484","yaxqdXDUv8_Ja-Uo","/dog/yaxqdXDUv8_Ja-Uo","http://localhost:3101/dog/yaxqdXDUv8_Ja-Uo"
"485","c_DMQ5NsT8f1rwdD","/dog/c_DMQ5NsT8f1rwdD","http://localhost:3101/dog/c_DMQ5NsT8f1rwdD"
"486","QwbbVVMdc-DGJW71","/dog/QwbbVVMdc-DGJW71","http://localhost:3101/dog/QwbbVVMdc-DGJW71"
"487","trsT7YwQN267acDD","/dog/trsT7YwQN267acDD","http://localhost:3101/dog/trsT7YwQN267acDD"
"488","WniMAFxYl093V4uA","/dog/WniMAFxYl093V4uA","http://localhost:3101/dog/WniMAFxYl093V4uA"
"489","5w--GH0VT1ru6ERm","/dog/5w--GH0VT1ru6ERm","http://localhost:3101/dog/5w--GH0VT1ru6ERm"
"490","lSmVseXs0zkXKTca","/dog/lSmVseXs0zkXKTca","http://localhost:3101/dog/lSmVseXs0zkXKTca"
"491","nkX1ZEw0X2Em_VnF","/dog/nkX1ZEw0X2Em_VnF","http://localhost:3101/dog/nkX1ZEw0X2Em_VnF"
"492","hI12XRIOYnzP0gc0","/dog/hI12XRIOYnzP0gc0","http://localhost:3101/dog/hI12XRIOYnzP0gc0"
"493","1geUJ11TazIcPQvz","/dog/1geUJ11TazIcPQvz","http://localhost:3101/dog/1geUJ11TazIcPQvz"
"494","AxCYTQOq6DCjkE_G","/dog/AxCYTQOq6DCjkE_G","http://localhost:3101/dog/AxCYTQOq6DCjkE_G"
"495","DPJ8Fw5Y2YeoKEON","/dog/DPJ8Fw5Y2YeoKEON","http://localhost:3101/dog/DPJ8Fw5Y2YeoKEON"
"496","q5SEz0WO20w1bCiw","/dog/q5SEz0WO20w1bCiw","http://localhost:3101/dog/q5SEz0WO20w1bCiw"
"497","Jx2K4C250G5QlLWO","/dog/Jx2K4C250G5QlLWO","http://localhost:3101/dog/Jx2K4C250G5QlLWO"
"498","n0VVrYz48c3hOHbk","/dog/n0VVrYz48c3hOHbk","http://localhost:3101/dog/n0VVrYz48c3hOHbk"
"499","yS0MjqwsHfnGPcXq","/dog/yS0MjqwsHfnGPcXq","http://localhost:3101/dog/yS0MjqwsHfnGPcXq"
"500","LeGj6wLRlHgErqZY","/dog/LeGj6wLRlHgErqZY","http://localhost:3101/dog/LeGj6wLRlHgErqZY"
"501","jEaClkKVvQPL6yk4","/dog/jEaClkKVvQPL6yk4","http://localhost:3101/dog/jEaClkKVvQPL6yk4"
"502","uWwcQvUJV_oVIlZi","/dog/uWwcQvUJV_oVIlZi","http://localhost:3101/dog/uWwcQvUJV_oVIlZi"
"503","KARDlym470EGo5cX","/dog/KARDlym470EGo5cX","http://localhost:3101/dog/KARDlym470EGo5cX"
"504","QvVu3umc4MHehbU2","/dog/QvVu3umc4MHehbU2","http://localhost:3101/dog/QvVu3umc4MHehbU2"
"505","i_rn5pD-rLHEOSGQ","/dog/i_rn5pD-rLHEOSGQ","http://localhost:3101/dog/i_rn5pD-rLHEOSGQ"
"506","Wt7av4bvIWDI6XQ_","/dog/Wt7av4bvIWDI6XQ_","http://localhost:3101/dog/Wt7av4bvIWDI6XQ_"
"507","rr4Pdpc0H9a-Otx4","/dog/rr4Pdpc0H9a-Otx4","http://localhost:3101/dog/rr4Pdpc0H9a-Otx4"
"508","YhwYzaPfzruOT9Un","/dog/YhwYzaPfzruOT9Un","http://localhost:3101/dog/YhwYzaPfzruOT9Un"
"509","4qz9af3e_uRaSrsj","/dog/4qz9af3e_uRaSrsj","http://localhost:3101/dog/4qz9af3e_uRaSrsj"
"510","ob2TytnR10LmjPoE","/dog/ob2TytnR10LmjPoE","http://localhost:3101/dog/ob2TytnR10LmjPoE"
"511","rlZsjKRZQqQ8vcfA","/dog/rlZsjKRZQqQ8vcfA","http://localhost:3101/dog/rlZsjKRZQqQ8vcfA"
"512","f4eOT5JDgqQXez_Y","/dog/f4eOT5JDgqQXez_Y","http://localhost:3101/dog/f4eOT5JDgqQXez_Y"
"513","NXMGf1kJr7GB4V39","/dog/NXMGf1kJr7GB4V39","http://localhost:3101/dog/NXMGf1kJr7GB4V39"
"514","adi6I7jRQ2-v2MQa","/dog/adi6I7jRQ2-v2MQa","http://localhost:3101/dog/adi6I7jRQ2-v2MQa"
"515","GXQMOgxZ-PjIfCmX","/dog/GXQMOgxZ-PjIfCmX","http://localhost:3101/dog/GXQMOgxZ-PjIfCmX"
"516","e3Rtglx731Tb-2zg","/dog/e3Rtglx731Tb-2zg","http://localhost:3101/dog/e3Rtglx731Tb-2zg"
"517","PJJZguiaiTzva1Wh","/dog/PJJZguiaiTzva1Wh","http://localhost:3101/dog/PJJZguiaiTzva1Wh"
"518","aDVG0h-YEnBvUAEM","/dog/aDVG0h-YEnBvUAEM","http://localhost:3101/dog/aDVG0h-YEnBvUAEM"
"519","JP5AoToGo9N1LP9Z","/dog/JP5AoToGo9N1LP9Z","http://localhost:3101/dog/JP5AoToGo9N1LP9Z"
"520","Zd2-t4peTW1I7QUj","/dog/Zd2-t4peTW1I7QUj","http://localhost:3101/dog/Zd2-t4peTW1I7QUj"
"521","xVhzTkolpyOfH166","/dog/xVhzTkolpyOfH166","http://localhost:3101/dog/xVhzTkolpyOfH166"
"522","am9JpVug48-1eqSG","/dog/am9JpVug48-1eqSG","http://localhost:3101/dog/am9JpVug48-1eqSG"
"523","8ZY7OZcRtUhvLFYB","/dog/8ZY7OZcRtUhvLFYB","http://localhost:3101/dog/8ZY7OZcRtUhvLFYB"
"524","TonoyStXCjcWYLxg","/dog/TonoyStXCjcWYLxg","http://localhost:3101/dog/TonoyStXCjcWYLxg"
"525","tsc3qG2EVQ4hEXzM","/dog/tsc3qG2EVQ4hEXzM","http://localhost:3101/dog/tsc3qG2EVQ4hEXzM"
"526","j_hzVaKafjxDBQZN","/dog/j_hzVaKafjxDBQZN","http://localhost:3101/dog/j_hzVaKafjxDBQZN"
"527","M1viTSIPrrWfK7D5","/dog/M1viTSIPrrWfK7D5","http://localhost:3101/dog/M1viTSIPrrWfK7D5"
"528","Kq7drBjjqC7hoAdE","/dog/Kq7drBjjqC7hoAdE","http://localhost:3101/dog/Kq7drBjjqC7hoAdE"
"529","437Xp-DBZmgDuV8f","/dog/437Xp-DBZmgDuV8f","http://localhost:3101/dog/437Xp-DBZmgDuV8f"
"530","1vOXgFYuYlLBjSXp","/dog/1vOXgFYuYlLBjSXp","http://localhost:3101/dog/1vOXgFYuYlLBjSXp"
"531","-nabshYvugE1AxIH","/dog/-nabshYvugE1AxIH","http://localhost:3101/dog/-nabshYvugE1AxIH"
"532","jmkHrJ92_sKxUV_7","/dog/jmkHrJ92_sKxUV_7","http://localhost:3101/dog/jmkHrJ92_sKxUV_7"
"533","TNdabmcI5LNTm2-A","/dog/TNdabmcI5LNTm2-A","http://localhost:3101/dog/TNdabmcI5LNTm2-A"
"534","5o9mrPvbHVnHMUSU","/dog/5o9mrPvbHVnHMUSU","http://localhost:3101/dog/5o9mrPvbHVnHMUSU"
"535","08H9yf3zb2dehLKW","/dog/08H9yf3zb2dehLKW","http://localhost:3101/dog/08H9yf3zb2dehLKW"
"536","NEDUCavL-FG-eKZ3","/dog/NEDUCavL-FG-eKZ3","http://localhost:3101/dog/NEDUCavL-FG-eKZ3"
"537","EbtwMuA9nLzNnurS","/dog/EbtwMuA9nLzNnurS","http://localhost:3101/dog/EbtwMuA9nLzNnurS"
"538","gDB31y9zwtA6UybR","/dog/gDB31y9zwtA6UybR","http://localhost:3101/dog/gDB31y9zwtA6UybR"
"539","zOyLMpYjkNJAqTNl","/dog/zOyLMpYjkNJAqTNl","http://localhost:3101/dog/zOyLMpYjkNJAqTNl"
"540","7nOLjvPUfaGpznDB","/dog/7nOLjvPUfaGpznDB","http://localhost:3101/dog/7nOLjvPUfaGpznDB"
"541","jRFa02Lb9JtJEC8F","/dog/jRFa02Lb9JtJEC8F","http://localhost:3101/dog/jRFa02Lb9JtJEC8F"
"542","-F2Gu0sEGlU6W_-G","/dog/-F2Gu0sEGlU6W_-G","http://localhost:3101/dog/-F2Gu0sEGlU6W_-G"
"543","EZPHeeAOkrcK9Xlx","/dog/EZPHeeAOkrcK9Xlx","http://localhost:3101/dog/EZPHeeAOkrcK9Xlx"
"544","bjTsl3tvUg87t5NM","/dog/bjTsl3tvUg87t5NM","http://localhost:3101/dog/bjTsl3tvUg87t5NM"
"545","7fto-aPPAuVikxqg","/dog/7fto-aPPAuVikxqg","http://localhost:3101/dog/7fto-aPPAuVikxqg"
"546","O9YdmOzs_DskZSbT","/dog/O9YdmOzs_DskZSbT","http://localhost:3101/dog/O9YdmOzs_DskZSbT"
"547","I5nYd5xfLhplkfko","/dog/I5nYd5xfLhplkfko","http://localhost:3101/dog/I5nYd5xfLhplkfko"
"548","f_c8D4Z0PGrB3Qxt","/dog/f_c8D4Z0PGrB3Qxt","http://localhost:3101/dog/f_c8D4Z0PGrB3Qxt"
"549","s3QbpLG-ZAAeK4yE","/dog/s3QbpLG-ZAAeK4yE","http://localhost:3101/dog/s3QbpLG-ZAAeK4yE"
"550","oMmAnrdRGchUruFC","/dog/oMmAnrdRGchUruFC","http://localhost:3101/dog/oMmAnrdRGchUruFC"
"551","1V8r5IDj_gLDBvJU","/dog/1V8r5IDj_gLDBvJU","http://localhost:3101/dog/1V8r5IDj_gLDBvJU"
"552","6zGdkGDPGmCdVD57","/dog/6zGdkGDPGmCdVD57","http://localhost:3101/dog/6zGdkGDPGmCdVD57"
"553","-1pQitItcQd1iPr1","/dog/-1pQitItcQd1iPr1","http://localhost:3101/dog/-1pQitItcQd1iPr1"
"554","8gXtfIJ47aw6OXfR","/dog/8gXtfIJ47aw6OXfR","http://localhost:3101/dog/8gXtfIJ47aw6OXfR"
"555","E-TqGFq4OX9C2NdO","/dog/E-TqGFq4OX9C2NdO","http://localhost:3101/dog/E-TqGFq4OX9C2NdO"
"556","SadHpvtx0vz2zVE3","/dog/SadHpvtx0vz2zVE3","http://localhost:3101/dog/SadHpvtx0vz2zVE3"
"557","8CmCmZRXFcNGPHSn","/dog/8CmCmZRXFcNGPHSn","http://localhost:3101/dog/8CmCmZRXFcNGPHSn"
"558","SZ7L6k2pWN_34F_q","/dog/SZ7L6k2pWN_34F_q","http://localhost:3101/dog/SZ7L6k2pWN_34F_q"
"559","QWNd5oFu1cZrKvDJ","/dog/QWNd5oFu1cZrKvDJ","http://localhost:3101/dog/QWNd5oFu1cZrKvDJ"
"560","uPFDfhiBog0RLGjB","/dog/uPFDfhiBog0RLGjB","http://localhost:3101/dog/uPFDfhiBog0RLGjB"
"561","g7An3yyv9uFUo4bS","/dog/g7An3yyv9uFUo4bS","http://localhost:3101/dog/g7An3yyv9uFUo4bS"
"562","p-E6EBg-RWA6AGT6","/dog/p-E6EBg-RWA6AGT6","http://localhost:3101/dog/p-E6EBg-RWA6AGT6"
"563","h_l0OEvV1h2nV9hh","/dog/h_l0OEvV1h2nV9hh","http://localhost:3101/dog/h_l0OEvV1h2nV9hh"
"564","72gdp0HCxURMK_Ou","/dog/72gdp0HCxURMK_Ou","http://localhost:3101/dog/72gdp0HCxURMK_Ou"
"565","FXGCZL4s1yTpqngS","/dog/FXGCZL4s1yTpqngS","http://localhost:3101/dog/FXGCZL4s1yTpqngS"
"566","canLtjo1KOcgVb75","/dog/canLtjo1KOcgVb75","http://localhost:3101/dog/canLtjo1KOcgVb75"
"567","dj6WFHJ10ze5j9hK","/dog/dj6WFHJ10ze5j9hK","http://localhost:3101/dog/dj6WFHJ10ze5j9hK"
"568","_PvDaTTTQYTHyBHh","/dog/_PvDaTTTQYTHyBHh","http://localhost:3101/dog/_PvDaTTTQYTHyBHh"
"569","oVe7DikExrFIz68x","/dog/oVe7DikExrFIz68x","http://localhost:3101/dog/oVe7DikExrFIz68x"
"570","qOXpzrOcDjcEHSCp","/dog/qOXpzrOcDjcEHSCp","http://localhost:3101/dog/qOXpzrOcDjcEHSCp"
"571","g1NZymqDZp0r6EHG","/dog/g1NZymqDZp0r6EHG","http://localhost:3101/dog/g1NZymqDZp0r6EHG"
"572","yafmu2yICnFqnhtW","/dog/yafmu2yICnFqnhtW","http://localhost:3101/dog/yafmu2yICnFqnhtW"
"573","kJvbWwweY7j-goZ-","/dog/kJvbWwweY7j-goZ-","http://localhost:3101/dog/kJvbWwweY7j-goZ-"
"574","I7pg8heDtaRaqyGJ","/dog/I7pg8heDtaRaqyGJ","http://localhost:3101/dog/I7pg8heDtaRaqyGJ"
"575","vtbU0AqiNXK4lZS2","/dog/vtbU0AqiNXK4lZS2","http://localhost:3101/dog/vtbU0AqiNXK4lZS2"
"576","dGeEEo1vJ07U2Tr_","/dog/dGeEEo1vJ07U2Tr_","http://localhost:3101/dog/dGeEEo1vJ07U2Tr_"
"577","cR0RWJezbmaWGVGx","/dog/cR0RWJezbmaWGVGx","http://localhost:3101/dog/cR0RWJezbmaWGVGx"
"578","IG4nzWad9Hcoke34","/dog/IG4nzWad9Hcoke34","http://localhost:3101/dog/IG4nzWad9Hcoke34"
"579","oluRgPj7kjQiI7bV","/dog/oluRgPj7kjQiI7bV","http://localhost:3101/dog/oluRgPj7kjQiI7bV"
"580","n-3p2wHllawSeCvR","/dog/n-3p2wHllawSeCvR","http://localhost:3101/dog/n-3p2wHllawSeCvR"
"581","oe7Tw0y1TxvPwwj2","/dog/oe7Tw0y1TxvPwwj2","http://localhost:3101/dog/oe7Tw0y1TxvPwwj2"
"582","OACljGwqVq8qttl0","/dog/OACljGwqVq8qttl0","http://localhost:3101/dog/OACljGwqVq8qttl0"
"583","b8F9MQC3ilXk5r1b","/dog/b8F9MQC3ilXk5r1b","http://localhost:3101/dog/b8F9MQC3ilXk5r1b"
"584","or4Zap47vnsma014","/dog/or4Zap47vnsma014","http://localhost:3101/dog/or4Zap47vnsma014"
"585","Be86betaNCnbTAG3","/dog/Be86betaNCnbTAG3","http://localhost:3101/dog/Be86betaNCnbTAG3"
"586","Nke4_ksOPje_d0BQ","/dog/Nke4_ksOPje_d0BQ","http://localhost:3101/dog/Nke4_ksOPje_d0BQ"
"587","6kciswdQtfyuOl3E","/dog/6kciswdQtfyuOl3E","http://localhost:3101/dog/6kciswdQtfyuOl3E"
"588","sJvI9Cxj7xBK_vqj","/dog/sJvI9Cxj7xBK_vqj","http://localhost:3101/dog/sJvI9Cxj7xBK_vqj"
"589","qrsS1DnQQ27W4ZN7","/dog/qrsS1DnQQ27W4ZN7","http://localhost:3101/dog/qrsS1DnQQ27W4ZN7"
"590","NN64AHkufGx--eR_","/dog/NN64AHkufGx--eR_","http://localhost:3101/dog/NN64AHkufGx--eR_"
"591","rNW3pnPhEUU1FeRH","/dog/rNW3pnPhEUU1FeRH","http://localhost:3101/dog/rNW3pnPhEUU1FeRH"
"592","AJJ6kJA2GTxGgznL","/dog/AJJ6kJA2GTxGgznL","http://localhost:3101/dog/AJJ6kJA2GTxGgznL"
"593","xUJIgH3ErFYK_w0f","/dog/xUJIgH3ErFYK_w0f","http://localhost:3101/dog/xUJIgH3ErFYK_w0f"
"594","X1AWegFwW1XCbWeY","/dog/X1AWegFwW1XCbWeY","http://localhost:3101/dog/X1AWegFwW1XCbWeY"
"595","EwnqvUiseft7ODHz","/dog/EwnqvUiseft7ODHz","http://localhost:3101/dog/EwnqvUiseft7ODHz"
"596","-1e-TYeKBK59yX0q","/dog/-1e-TYeKBK59yX0q","http://localhost:3101/dog/-1e-TYeKBK59yX0q"
"597","VtiBzw9BmkzU0rtM","/dog/VtiBzw9BmkzU0rtM","http://localhost:3101/dog/VtiBzw9BmkzU0rtM"
"598","19pq_QCRqfDxJ6Ev","/dog/19pq_QCRqfDxJ6Ev","http://localhost:3101/dog/19pq_QCRqfDxJ6Ev"
"599","dE8ib_n-NrjFp_F5","/dog/dE8ib_n-NrjFp_F5","http://localhost:3101/dog/dE8ib_n-NrjFp_F5"
"600","uDdgzlb5NnCrn6N3","/dog/uDdgzlb5NnCrn6N3","http://localhost:3101/dog/uDdgzlb5NnCrn6N3"
"601","RdI33wu0PzsvtA83","/dog/RdI33wu0PzsvtA83","http://localhost:3101/dog/RdI33wu0PzsvtA83"
"602","Md_6RZLg3_LFqxfy","/dog/Md_6RZLg3_LFqxfy","http://localhost:3101/dog/Md_6RZLg3_LFqxfy"
"603","IqVT5SDdnLrUB-bi","/dog/IqVT5SDdnLrUB-bi","http://localhost:3101/dog/IqVT5SDdnLrUB-bi"
"604","Z-6FQ3anvv9juNJt","/dog/Z-6FQ3anvv9juNJt","http://localhost:3101/dog/Z-6FQ3anvv9juNJt"
"605","DJklYnAuHlMvX2NY","/dog/DJklYnAuHlMvX2NY","http://localhost:3101/dog/DJklYnAuHlMvX2NY"
"606","fsEq-f00yFywjpO9","/dog/fsEq-f00yFywjpO9","http://localhost:3101/dog/fsEq-f00yFywjpO9"
"607","mzhz4pumNBmaq3Sn","/dog/mzhz4pumNBmaq3Sn","http://localhost:3101/dog/mzhz4pumNBmaq3Sn"
"608","SJWsEg5hHPYZRxDW","/dog/SJWsEg5hHPYZRxDW","http://localhost:3101/dog/SJWsEg5hHPYZRxDW"
"609","E0TwJPv3pMvN0OQn","/dog/E0TwJPv3pMvN0OQn","http://localhost:3101/dog/E0TwJPv3pMvN0OQn"
"610","5RYdfZMjQwnMtkkR","/dog/5RYdfZMjQwnMtkkR","http://localhost:3101/dog/5RYdfZMjQwnMtkkR"
"611","oDzqH9Om7gn9akvM","/dog/oDzqH9Om7gn9akvM","http://localhost:3101/dog/oDzqH9Om7gn9akvM"
"612","JBIbREDJtguT9DrO","/dog/JBIbREDJtguT9DrO","http://localhost:3101/dog/JBIbREDJtguT9DrO"
"613","AcLYT6bm7Stzpg8W","/dog/AcLYT6bm7Stzpg8W","http://localhost:3101/dog/AcLYT6bm7Stzpg8W"
"614","ok0TmJx9xKRTZD-k","/dog/ok0TmJx9xKRTZD-k","http://localhost:3101/dog/ok0TmJx9xKRTZD-k"
"615","wBx2LKi2X4yM-dUp","/dog/wBx2LKi2X4yM-dUp","http://localhost:3101/dog/wBx2LKi2X4yM-dUp"
"616","y1Ky8EyjxJt2HtJo","/dog/y1Ky8EyjxJt2HtJo","http://localhost:3101/dog/y1Ky8EyjxJt2HtJo"
"617","FIO6gnlDZQNS-CWO","/dog/FIO6gnlDZQNS-CWO","http://localhost:3101/dog/FIO6gnlDZQNS-CWO"
"618","1z_7ExPPk1sgcAcN","/dog/1z_7ExPPk1sgcAcN","http://localhost:3101/dog/1z_7ExPPk1sgcAcN"
"619","GVy0UKKByhczXjok","/dog/GVy0UKKByhczXjok","http://localhost:3101/dog/GVy0UKKByhczXjok"
"620","aMNTv62BtEmUz3ag","/dog/aMNTv62BtEmUz3ag","http://localhost:3101/dog/aMNTv62BtEmUz3ag"
"621","3gK3a2jpRq1zHMQm","/dog/3gK3a2jpRq1zHMQm","http://localhost:3101/dog/3gK3a2jpRq1zHMQm"
"622","IZneml-zlY4Euc2Q","/dog/IZneml-zlY4Euc2Q","http://localhost:3101/dog/IZneml-zlY4Euc2Q"
"623","XtdSrTDnRuAiSNMW","/dog/XtdSrTDnRuAiSNMW","http://localhost:3101/dog/XtdSrTDnRuAiSNMW"
"624","0RvdXvkc8mRt-lN8","/dog/0RvdXvkc8mRt-lN8","http://localhost:3101/dog/0RvdXvkc8mRt-lN8"
"625","N0wQfis0VpvGqcHD","/dog/N0wQfis0VpvGqcHD","http://localhost:3101/dog/N0wQfis0VpvGqcHD"
"626","Lxs4ic9zPhvEpEFA","/dog/Lxs4ic9zPhvEpEFA","http://localhost:3101/dog/Lxs4ic9zPhvEpEFA"
"627","5sdFZkGie7u5wsu-","/dog/5sdFZkGie7u5wsu-","http://localhost:3101/dog/5sdFZkGie7u5wsu-"
"628","wt49EtuizmroozUP","/dog/wt49EtuizmroozUP","http://localhost:3101/dog/wt49EtuizmroozUP"
"629","P6z9LTM-gts5KCqF","/dog/P6z9LTM-gts5KCqF","http://localhost:3101/dog/P6z9LTM-gts5KCqF"
"630","CgRvCCTDUAGGQcXj","/dog/CgRvCCTDUAGGQcXj","http://localhost:3101/dog/CgRvCCTDUAGGQcXj"
"631","VmJcqDMgCCBz_4Z1","/dog/VmJcqDMgCCBz_4Z1","http://localhost:3101/dog/VmJcqDMgCCBz_4Z1"
"632","7ckjbnlwpIsvbdvb","/dog/7ckjbnlwpIsvbdvb","http://localhost:3101/dog/7ckjbnlwpIsvbdvb"
"633","Wn1QbfvNA9VRHuiz","/dog/Wn1QbfvNA9VRHuiz","http://localhost:3101/dog/Wn1QbfvNA9VRHuiz"
"634","_7TUIORjTWkVJ__e","/dog/_7TUIORjTWkVJ__e","http://localhost:3101/dog/_7TUIORjTWkVJ__e"
"635","36p6bu_yj7rU3XR5","/dog/36p6bu_yj7rU3XR5","http://localhost:3101/dog/36p6bu_yj7rU3XR5"
"636","9b36NJpCgxGvWta-","/dog/9b36NJpCgxGvWta-","http://localhost:3101/dog/9b36NJpCgxGvWta-"
"637","frkj7RiY0qJgCWGD","/dog/frkj7RiY0qJgCWGD","http://localhost:3101/dog/frkj7RiY0qJgCWGD"
"638","x29inIDM4S6Ej_jy","/dog/x29inIDM4S6Ej_jy","http://localhost:3101/dog/x29inIDM4S6Ej_jy"
"639","uVZ0HqAIG3-x89g7","/dog/uVZ0HqAIG3-x89g7","http://localhost:3101/dog/uVZ0HqAIG3-x89g7"
"640","k6qHshr1mHr24qmz","/dog/k6qHshr1mHr24qmz","http://localhost:3101/dog/k6qHshr1mHr24qmz"
"641","vq12YBvYdJrKx_Zn","/dog/vq12YBvYdJrKx_Zn","http://localhost:3101/dog/vq12YBvYdJrKx_Zn"
"642","6rouvQ6BqTK_KYcL","/dog/6rouvQ6BqTK_KYcL","http://localhost:3101/dog/6rouvQ6BqTK_KYcL"
"643","IV0R8Tua5YPkJGnS","/dog/IV0R8Tua5YPkJGnS","http://localhost:3101/dog/IV0R8Tua5YPkJGnS"
"644","GRjbLj5kvNxMQRO7","/dog/GRjbLj5kvNxMQRO7","http://localhost:3101/dog/GRjbLj5kvNxMQRO7"
"645","Y45ZM1HUa5oMm_SH","/dog/Y45ZM1HUa5oMm_SH","http://localhost:3101/dog/Y45ZM1HUa5oMm_SH"
"646","xOzC0RRC5A5cRs-m","/dog/xOzC0RRC5A5cRs-m","http://localhost:3101/dog/xOzC0RRC5A5cRs-m"
"647","RaQaWnmAPiyREq2H","/dog/RaQaWnmAPiyREq2H","http://localhost:3101/dog/RaQaWnmAPiyREq2H"
"648","Et8f7hiSQCsdpHui","/dog/Et8f7hiSQCsdpHui","http://localhost:3101/dog/Et8f7hiSQCsdpHui"
"649","QmVP6e4sGC5lNLfz","/dog/QmVP6e4sGC5lNLfz","http://localhost:3101/dog/QmVP6e4sGC5lNLfz"
"650","F39xTVD8htHZksD1","/dog/F39xTVD8htHZksD1","http://localhost:3101/dog/F39xTVD8htHZksD1"
"651","1nWSl9R8e7OhSQ0Z","/dog/1nWSl9R8e7OhSQ0Z","http://localhost:3101/dog/1nWSl9R8e7OhSQ0Z"
"652","-C_3vHYqllOR8XfH","/dog/-C_3vHYqllOR8XfH","http://localhost:3101/dog/-C_3vHYqllOR8XfH"
"653","pyLnfrSSk7_B92yl","/dog/pyLnfrSSk7_B92yl","http://localhost:3101/dog/pyLnfrSSk7_B92yl"
"654","66poqNp9U06_cByB","/dog/66poqNp9U06_cByB","http://localhost:3101/dog/66poqNp9U06_cByB"
"655","Loyk8qKS2Q1Xegq-","/dog/Loyk8qKS2Q1Xegq-","http://localhost:3101/dog/Loyk8qKS2Q1Xegq-"
"656","fJB4oYX50fzmO6zI","/dog/fJB4oYX50fzmO6zI","http://localhost:3101/dog/fJB4oYX50fzmO6zI"
"657","DtxV22rGMEpxkQJW","/dog/DtxV22rGMEpxkQJW","http://localhost:3101/dog/DtxV22rGMEpxkQJW"
"658","30hRonH4souePm3x","/dog/30hRonH4souePm3x","http://localhost:3101/dog/30hRonH4souePm3x"
"659","1BSJrrGQdv6ILPxg","/dog/1BSJrrGQdv6ILPxg","http://localhost:3101/dog/1BSJrrGQdv6ILPxg"
"660","wc1MA8oRqKTrXgo7","/dog/wc1MA8oRqKTrXgo7","http://localhost:3101/dog/wc1MA8oRqKTrXgo7"
"661","ztoTTldTqTwDPuxf","/dog/ztoTTldTqTwDPuxf","http://localhost:3101/dog/ztoTTldTqTwDPuxf"
"662","FdkxpQXPUA66LUEw","/dog/FdkxpQXPUA66LUEw","http://localhost:3101/dog/FdkxpQXPUA66LUEw"
"663","H57CymwgfQ3C7cUF","/dog/H57CymwgfQ3C7cUF","http://localhost:3101/dog/H57CymwgfQ3C7cUF"
"664","ka2K9ojEbq1Oq-QR","/dog/ka2K9ojEbq1Oq-QR","http://localhost:3101/dog/ka2K9ojEbq1Oq-QR"
"665","ljp53dO7_W_3ex_Q","/dog/ljp53dO7_W_3ex_Q","http://localhost:3101/dog/ljp53dO7_W_3ex_Q"
"666","Dbgr23b5Mx54TJFn","/dog/Dbgr23b5Mx54TJFn","http://localhost:3101/dog/Dbgr23b5Mx54TJFn"
"667","jFHpZbt-rWzgvSN4","/dog/jFHpZbt-rWzgvSN4","http://localhost:3101/dog/jFHpZbt-rWzgvSN4"
"668","iNUdV8HXMOCfGnH3","/dog/iNUdV8HXMOCfGnH3","http://localhost:3101/dog/iNUdV8HXMOCfGnH3"
"669","EcYbuzd0umtLfh4H","/dog/EcYbuzd0umtLfh4H","http://localhost:3101/dog/EcYbuzd0umtLfh4H"
"670","3mXB7Z6ivPR4JEnb","/dog/3mXB7Z6ivPR4JEnb","http://localhost:3101/dog/3mXB7Z6ivPR4JEnb"
"671","ZLJBgoOzFflwlrr8","/dog/ZLJBgoOzFflwlrr8","http://localhost:3101/dog/ZLJBgoOzFflwlrr8"
"672","A43dO3HK4rPlF2iS","/dog/A43dO3HK4rPlF2iS","http://localhost:3101/dog/A43dO3HK4rPlF2iS"
"673","BicpRDeEPJzR6sof","/dog/BicpRDeEPJzR6sof","http://localhost:3101/dog/BicpRDeEPJzR6sof"
"674","AMwpIZuhLgBPrSge","/dog/AMwpIZuhLgBPrSge","http://localhost:3101/dog/AMwpIZuhLgBPrSge"
"675","liLmZKj4dJVKsc0x","/dog/liLmZKj4dJVKsc0x","http://localhost:3101/dog/liLmZKj4dJVKsc0x"
"676","MXPXYqr3-ADnGqwY","/dog/MXPXYqr3-ADnGqwY","http://localhost:3101/dog/MXPXYqr3-ADnGqwY"
"677","15kJc5OTusza2ILa","/dog/15kJc5OTusza2ILa","http://localhost:3101/dog/15kJc5OTusza2ILa"
"678","prA1fT-4uWNd94Rx","/dog/prA1fT-4uWNd94Rx","http://localhost:3101/dog/prA1fT-4uWNd94Rx"
"679","uO0OjRTm7qi1eyQU","/dog/uO0OjRTm7qi1eyQU","http://localhost:3101/dog/uO0OjRTm7qi1eyQU"
"680","8zKgHycPoQv0HuQO","/dog/8zKgHycPoQv0HuQO","http://localhost:3101/dog/8zKgHycPoQv0HuQO"
"681","ApbpMihbsYx-n9Fx","/dog/ApbpMihbsYx-n9Fx","http://localhost:3101/dog/ApbpMihbsYx-n9Fx"
"682","YGPqo0IycWBNljfe","/dog/YGPqo0IycWBNljfe","http://localhost:3101/dog/YGPqo0IycWBNljfe"
"683","YyHsjbQWmoPkSzbm","/dog/YyHsjbQWmoPkSzbm","http://localhost:3101/dog/YyHsjbQWmoPkSzbm"
"684","Vdro1AEmN8OO2zbS","/dog/Vdro1AEmN8OO2zbS","http://localhost:3101/dog/Vdro1AEmN8OO2zbS"
"685","fPpQfPtGNb-w3NAJ","/dog/fPpQfPtGNb-w3NAJ","http://localhost:3101/dog/fPpQfPtGNb-w3NAJ"
"686","eOldaRD5LHBAK_6E","/dog/eOldaRD5LHBAK_6E","http://localhost:3101/dog/eOldaRD5LHBAK_6E"
"687","U56oE6YGBiG-E0KC","/dog/U56oE6YGBiG-E0KC","http://localhost:3101/dog/U56oE6YGBiG-E0KC"
"688","MnJnJg6QVyfuD9Kj","/dog/MnJnJg6QVyfuD9Kj","http://localhost:3101/dog/MnJnJg6QVyfuD9Kj"
"689","BzXZoUD6qw_YTQvm","/dog/BzXZoUD6qw_YTQvm","http://localhost:3101/dog/BzXZoUD6qw_YTQvm"
"690","pix3HsZzWBfmIs2U","/dog/pix3HsZzWBfmIs2U","http://localhost:3101/dog/pix3HsZzWBfmIs2U"
"691","3N_L0PB6BMwPEqiE","/dog/3N_L0PB6BMwPEqiE","http://localhost:3101/dog/3N_L0PB6BMwPEqiE"
"692","3f7tOCRn_Y7ZwuOj","/dog/3f7tOCRn_Y7ZwuOj","http://localhost:3101/dog/3f7tOCRn_Y7ZwuOj"
"693","ST9d33KKxcmsocCK","/dog/ST9d33KKxcmsocCK","http://localhost:3101/dog/ST9d33KKxcmsocCK"
"694","FSxXmn-IWQgdbGUC","/dog/FSxXmn-IWQgdbGUC","http://localhost:3101/dog/FSxXmn-IWQgdbGUC"
"695","IFQJSrGCEAPWZKsK","/dog/IFQJSrGCEAPWZKsK","http://localhost:3101/dog/IFQJSrGCEAPWZKsK"
"696","25HN3PZHIgACRWoE","/dog/25HN3PZHIgACRWoE","http://localhost:3101/dog/25HN3PZHIgACRWoE"
"697","EOooh7EfT36i2Cwy","/dog/EOooh7EfT36i2Cwy","http://localhost:3101/dog/EOooh7EfT36i2Cwy"
"698","fOq_ip5A0800MWMP","/dog/fOq_ip5A0800MWMP","http://localhost:3101/dog/fOq_ip5A0800MWMP"
"699","_kxhkskac5SmYmU0","/dog/_kxhkskac5SmYmU0","http://localhost:3101/dog/_kxhkskac5SmYmU0"
"700","IBtEOz4IP6d6vIn4","/dog/IBtEOz4IP6d6vIn4","http://localhost:3101/dog/IBtEOz4IP6d6vIn4"
"701","yPfJZwhDDXTObEaD","/dog/yPfJZwhDDXTObEaD","http://localhost:3101/dog/yPfJZwhDDXTObEaD"
"702","ZjJKMNV5Qmavajag","/dog/ZjJKMNV5Qmavajag","http://localhost:3101/dog/ZjJKMNV5Qmavajag"
"703","RN4okDi8rd-w4mmR","/dog/RN4okDi8rd-w4mmR","http://localhost:3101/dog/RN4okDi8rd-w4mmR"
"704","CJkMwhDLdQ07xt68","/dog/CJkMwhDLdQ07xt68","http://localhost:3101/dog/CJkMwhDLdQ07xt68"
"705","WyNpRlNeMJ2JZzFf","/dog/WyNpRlNeMJ2JZzFf","http://localhost:3101/dog/WyNpRlNeMJ2JZzFf"
"706","bGmsZUejo5aYSVu2","/dog/bGmsZUejo5aYSVu2","http://localhost:3101/dog/bGmsZUejo5aYSVu2"
"707","X8OWLpN1BV6dkA-p","/dog/X8OWLpN1BV6dkA-p","http://localhost:3101/dog/X8OWLpN1BV6dkA-p"
"708","psJpoyBj9k-BaOKS","/dog/psJpoyBj9k-BaOKS","http://localhost:3101/dog/psJpoyBj9k-BaOKS"
"709","aLAXTcVxz6IHQtUQ","/dog/aLAXTcVxz6IHQtUQ","http://localhost:3101/dog/aLAXTcVxz6IHQtUQ"
"710","P77TLZfTCQEGm-dd","/dog/P77TLZfTCQEGm-dd","http://localhost:3101/dog/P77TLZfTCQEGm-dd"
"711","lGOQXRoQH5JofquM","/dog/lGOQXRoQH5JofquM","http://localhost:3101/dog/lGOQXRoQH5JofquM"
"712","eN5pJwIQPuuVVxIX","/dog/eN5pJwIQPuuVVxIX","http://localhost:3101/dog/eN5pJwIQPuuVVxIX"
"713","-oj7RG5DMrnVAd9t","/dog/-oj7RG5DMrnVAd9t","http://localhost:3101/dog/-oj7RG5DMrnVAd9t"
"714","2pWihI3Mza8hn7Iz","/dog/2pWihI3Mza8hn7Iz","http://localhost:3101/dog/2pWihI3Mza8hn7Iz"
"715","AyIwHZ-Nb0T5Truc","/dog/AyIwHZ-Nb0T5Truc","http://localhost:3101/dog/AyIwHZ-Nb0T5Truc"
"716","Vv9D0HCiSEUyuzIx","/dog/Vv9D0HCiSEUyuzIx","http://localhost:3101/dog/Vv9D0HCiSEUyuzIx"
"717","Pwo8p0fYLLTv6aIt","/dog/Pwo8p0fYLLTv6aIt","http://localhost:3101/dog/Pwo8p0fYLLTv6aIt"
"718","MdH7JDICitWeFR2o","/dog/MdH7JDICitWeFR2o","http://localhost:3101/dog/MdH7JDICitWeFR2o"
"719","3MauGClAGztZMKQW","/dog/3MauGClAGztZMKQW","http://localhost:3101/dog/3MauGClAGztZMKQW"
"720","bQr9OlMyLUslEKa0","/dog/bQr9OlMyLUslEKa0","http://localhost:3101/dog/bQr9OlMyLUslEKa0"
"721","7O8_hiIlmBCMlpjh","/dog/7O8_hiIlmBCMlpjh","http://localhost:3101/dog/7O8_hiIlmBCMlpjh"
"722","aeuPXWJXdMN3Jb9a","/dog/aeuPXWJXdMN3Jb9a","http://localhost:3101/dog/aeuPXWJXdMN3Jb9a"
"723","V81MrqMFO81UFSKb","/dog/V81MrqMFO81UFSKb","http://localhost:3101/dog/V81MrqMFO81UFSKb"
"724","IjoE7ACl0uGznRSP","/dog/IjoE7ACl0uGznRSP","http://localhost:3101/dog/IjoE7ACl0uGznRSP"
"725","1T6NghWFcdmy7x52","/dog/1T6NghWFcdmy7x52","http://localhost:3101/dog/1T6NghWFcdmy7x52"
"726","nBiT54l2dR3Vyro7","/dog/nBiT54l2dR3Vyro7","http://localhost:3101/dog/nBiT54l2dR3Vyro7"
"727","kvyBow87VmgcUFaB","/dog/kvyBow87VmgcUFaB","http://localhost:3101/dog/kvyBow87VmgcUFaB"
"728","z_uA1ZQrqMntmv5p","/dog/z_uA1ZQrqMntmv5p","http://localhost:3101/dog/z_uA1ZQrqMntmv5p"
"729","JNKfwtSI_Y3TFfFN","/dog/JNKfwtSI_Y3TFfFN","http://localhost:3101/dog/JNKfwtSI_Y3TFfFN"
"730","OlQcdXkmHXxfMm5X","/dog/OlQcdXkmHXxfMm5X","http://localhost:3101/dog/OlQcdXkmHXxfMm5X"
"731","xgkvTHfJZdqVno9d","/dog/xgkvTHfJZdqVno9d","http://localhost:3101/dog/xgkvTHfJZdqVno9d"
"732","sdvs7_nHkP09nXIG","/dog/sdvs7_nHkP09nXIG","http://localhost:3101/dog/sdvs7_nHkP09nXIG"
"733","dYzoLnCu1RSxsBvK","/dog/dYzoLnCu1RSxsBvK","http://localhost:3101/dog/dYzoLnCu1RSxsBvK"
"734","fgfhQ3_l4ZU_vqQi","/dog/fgfhQ3_l4ZU_vqQi","http://localhost:3101/dog/fgfhQ3_l4ZU_vqQi"
"735","SLYNSEv3RLiOdpV7","/dog/SLYNSEv3RLiOdpV7","http://localhost:3101/dog/SLYNSEv3RLiOdpV7"
"736","8pBPK-7bCdWJJ_0e","/dog/8pBPK-7bCdWJJ_0e","http://localhost:3101/dog/8pBPK-7bCdWJJ_0e"
"737","Dk0TTFdyAFnlUD9p","/dog/Dk0TTFdyAFnlUD9p","http://localhost:3101/dog/Dk0TTFdyAFnlUD9p"
"738","en_QQXY2xwFGRXE8","/dog/en_QQXY2xwFGRXE8","http://localhost:3101/dog/en_QQXY2xwFGRXE8"
"739","z-tg0_Bpl9jPR8c-","/dog/z-tg0_Bpl9jPR8c-","http://localhost:3101/dog/z-tg0_Bpl9jPR8c-"
"740","Rf_EGatp5EWj28H8","/dog/Rf_EGatp5EWj28H8","http://localhost:3101/dog/Rf_EGatp5EWj28H8"
"741","m6rdcVjtZli7U1H4","/dog/m6rdcVjtZli7U1H4","http://localhost:3101/dog/m6rdcVjtZli7U1H4"
"742","nx7yHQMKCqfh4JU2","/dog/nx7yHQMKCqfh4JU2","http://localhost:3101/dog/nx7yHQMKCqfh4JU2"
"743","meaJjf5egYlpKCOq","/dog/meaJjf5egYlpKCOq","http://localhost:3101/dog/meaJjf5egYlpKCOq"
"744","Q6xMx0H1TGC4D43b","/dog/Q6xMx0H1TGC4D43b","http://localhost:3101/dog/Q6xMx0H1TGC4D43b"
"745","Xy19VGL6Qmu3squ6","/dog/Xy19VGL6Qmu3squ6","http://localhost:3101/dog/Xy19VGL6Qmu3squ6"
"746","R03vJJ8bPKD1EwdE","/dog/R03vJJ8bPKD1EwdE","http://localhost:3101/dog/R03vJJ8bPKD1EwdE"
"747","KOaLQwzuETq6Tgh0","/dog/KOaLQwzuETq6Tgh0","http://localhost:3101/dog/KOaLQwzuETq6Tgh0"
"748","HkjtsXotpViCReF3","/dog/HkjtsXotpViCReF3","http://localhost:3101/dog/HkjtsXotpViCReF3"
"749","Mx-SoSzGQAbj1jPC","/dog/Mx-SoSzGQAbj1jPC","http://localhost:3101/dog/Mx-SoSzGQAbj1jPC"
"750","5pyNjKsHkHZ-LW-A","/dog/5pyNjKsHkHZ-LW-A","http://localhost:3101/dog/5pyNjKsHkHZ-LW-A"
"751","V63ar1GPyfdogGz_","/dog/V63ar1GPyfdogGz_","http://localhost:3101/dog/V63ar1GPyfdogGz_"
"752","eBNxyZU6JREWKOtE","/dog/eBNxyZU6JREWKOtE","http://localhost:3101/dog/eBNxyZU6JREWKOtE"
"753","mNLq5tYI_kAmogaE","/dog/mNLq5tYI_kAmogaE","http://localhost:3101/dog/mNLq5tYI_kAmogaE"
"754","tXLldUgcp96KOrPZ","/dog/tXLldUgcp96KOrPZ","http://localhost:3101/dog/tXLldUgcp96KOrPZ"
"755","Lh-h2ZD9hQqar7Du","/dog/Lh-h2ZD9hQqar7Du","http://localhost:3101/dog/Lh-h2ZD9hQqar7Du"
"756","IVVX4iCaH9FIY6tp","/dog/IVVX4iCaH9FIY6tp","http://localhost:3101/dog/IVVX4iCaH9FIY6tp"
"757","qWAINL7ulmaQabUg","/dog/qWAINL7ulmaQabUg","http://localhost:3101/dog/qWAINL7ulmaQabUg"
"758","P7UK3vPGeOdL4D7k","/dog/P7UK3vPGeOdL4D7k","http://localhost:3101/dog/P7UK3vPGeOdL4D7k"
"759","6p62MmSwiRSvWoop","/dog/6p62MmSwiRSvWoop","http://localhost:3101/dog/6p62MmSwiRSvWoop"
"760","icEk_bJtZzzb9Shw","/dog/icEk_bJtZzzb9Shw","http://localhost:3101/dog/icEk_bJtZzzb9Shw"
"761","lpaMWEPhI47Ra9jp","/dog/lpaMWEPhI47Ra9jp","http://localhost:3101/dog/lpaMWEPhI47Ra9jp"
"762","LT85RV0mD10LFiiz","/dog/LT85RV0mD10LFiiz","http://localhost:3101/dog/LT85RV0mD10LFiiz"
"763","HSvYHS3FEzQjQN_Q","/dog/HSvYHS3FEzQjQN_Q","http://localhost:3101/dog/HSvYHS3FEzQjQN_Q"
"764","qig56YGj13io97BY","/dog/qig56YGj13io97BY","http://localhost:3101/dog/qig56YGj13io97BY"
"765","hKx6y5jLZVFp5Ebn","/dog/hKx6y5jLZVFp5Ebn","http://localhost:3101/dog/hKx6y5jLZVFp5Ebn"
"766","gmybw7lpYzw5-2rX","/dog/gmybw7lpYzw5-2rX","http://localhost:3101/dog/gmybw7lpYzw5-2rX"
"767","t5xY7SSXQ4icIlDO","/dog/t5xY7SSXQ4icIlDO","http://localhost:3101/dog/t5xY7SSXQ4icIlDO"
"768","xIsAWi0G2jSdkXyM","/dog/xIsAWi0G2jSdkXyM","http://localhost:3101/dog/xIsAWi0G2jSdkXyM"
"769","TzTurL6ztKKWpK60","/dog/TzTurL6ztKKWpK60","http://localhost:3101/dog/TzTurL6ztKKWpK60"
"770","HCrSsqF3e0AeXq2v","/dog/HCrSsqF3e0AeXq2v","http://localhost:3101/dog/HCrSsqF3e0AeXq2v"
"771","PcFfTI1XCruyNLFR","/dog/PcFfTI1XCruyNLFR","http://localhost:3101/dog/PcFfTI1XCruyNLFR"
"772","10iKlQdqGSYv4q30","/dog/10iKlQdqGSYv4q30","http://localhost:3101/dog/10iKlQdqGSYv4q30"
"773","gzA7nmczsCe1EWO4","/dog/gzA7nmczsCe1EWO4","http://localhost:3101/dog/gzA7nmczsCe1EWO4"
"774","kjIh8Ywxn6S6fdJ6","/dog/kjIh8Ywxn6S6fdJ6","http://localhost:3101/dog/kjIh8Ywxn6S6fdJ6"
"775","X9t0P3TIm3l0ZU4C","/dog/X9t0P3TIm3l0ZU4C","http://localhost:3101/dog/X9t0P3TIm3l0ZU4C"
"776","aAyeFs1tUqae6dk5","/dog/aAyeFs1tUqae6dk5","http://localhost:3101/dog/aAyeFs1tUqae6dk5"
"777","tAat4P3WEgiyCiiv","/dog/tAat4P3WEgiyCiiv","http://localhost:3101/dog/tAat4P3WEgiyCiiv"
"778","7uwOF7f7N8eLyoh4","/dog/7uwOF7f7N8eLyoh4","http://localhost:3101/dog/7uwOF7f7N8eLyoh4"
"779","5mIyiYgfal9-0FxG","/dog/5mIyiYgfal9-0FxG","http://localhost:3101/dog/5mIyiYgfal9-0FxG"
"780","LFxgA_wP7tA73hyj","/dog/LFxgA_wP7tA73hyj","http://localhost:3101/dog/LFxgA_wP7tA73hyj"
"781","wAzeWR2w1_KgHAoo","/dog/wAzeWR2w1_KgHAoo","http://localhost:3101/dog/wAzeWR2w1_KgHAoo"
"782","jMQHvFMUzOdn56lM","/dog/jMQHvFMUzOdn56lM","http://localhost:3101/dog/jMQHvFMUzOdn56lM"
"783","0-YnKCzY93RKhL3j","/dog/0-YnKCzY93RKhL3j","http://localhost:3101/dog/0-YnKCzY93RKhL3j"
"784","hy_V9nXK8zj3-G5C","/dog/hy_V9nXK8zj3-G5C","http://localhost:3101/dog/hy_V9nXK8zj3-G5C"
"785","N6pVhEW9C8_aBgKh","/dog/N6pVhEW9C8_aBgKh","http://localhost:3101/dog/N6pVhEW9C8_aBgKh"
"786","zf-EFZqpCJu-7dDo","/dog/zf-EFZqpCJu-7dDo","http://localhost:3101/dog/zf-EFZqpCJu-7dDo"
"787","YZbbK3eNMcyhSzS6","/dog/YZbbK3eNMcyhSzS6","http://localhost:3101/dog/YZbbK3eNMcyhSzS6"
"788","bPwY5aa5jZi5U8x6","/dog/bPwY5aa5jZi5U8x6","http://localhost:3101/dog/bPwY5aa5jZi5U8x6"
"789","Rs6EcZ9HNfYTld30","/dog/Rs6EcZ9HNfYTld30","http://localhost:3101/dog/Rs6EcZ9HNfYTld30"
"790","lg1wSYDE7o2OW9V7","/dog/lg1wSYDE7o2OW9V7","http://localhost:3101/dog/lg1wSYDE7o2OW9V7"
"791","P_IR-bYADRJoGQ3E","/dog/P_IR-bYADRJoGQ3E","http://localhost:3101/dog/P_IR-bYADRJoGQ3E"
"792","62V7_iYfq4l3p0cV","/dog/62V7_iYfq4l3p0cV","http://localhost:3101/dog/62V7_iYfq4l3p0cV"
"793","AZ3MxrIKuO5bArVe","/dog/AZ3MxrIKuO5bArVe","http://localhost:3101/dog/AZ3MxrIKuO5bArVe"
"794","hMbydRky9UjKPcPR","/dog/hMbydRky9UjKPcPR","http://localhost:3101/dog/hMbydRky9UjKPcPR"
"795","q_3lISYEn2LqbhCN","/dog/q_3lISYEn2LqbhCN","http://localhost:3101/dog/q_3lISYEn2LqbhCN"
"796","7ka5XIQcw-ZLZzC3","/dog/7ka5XIQcw-ZLZzC3","http://localhost:3101/dog/7ka5XIQcw-ZLZzC3"
"797","Wbvc_kpVS03ziaUQ","/dog/Wbvc_kpVS03ziaUQ","http://localhost:3101/dog/Wbvc_kpVS03ziaUQ"
"798","lQ8C8X_rVt6KXgn8","/dog/lQ8C8X_rVt6KXgn8","http://localhost:3101/dog/lQ8C8X_rVt6KXgn8"
"799","N21c00CNmVq3J7nR","/dog/N21c00CNmVq3J7nR","http://localhost:3101/dog/N21c00CNmVq3J7nR"
"800","IMYu38vdwznuF-bT","/dog/IMYu38vdwznuF-bT","http://localhost:3101/dog/IMYu38vdwznuF-bT"
"801","KZfM67c_4n8AeaDg","/dog/KZfM67c_4n8AeaDg","http://localhost:3101/dog/KZfM67c_4n8AeaDg"
"802","SarcriykXDu_VhXX","/dog/SarcriykXDu_VhXX","http://localhost:3101/dog/SarcriykXDu_VhXX"
"803","KuJsAPqQ8sBQMrJk","/dog/KuJsAPqQ8sBQMrJk","http://localhost:3101/dog/KuJsAPqQ8sBQMrJk"
"804","wVObmOSoDvyN99NZ","/dog/wVObmOSoDvyN99NZ","http://localhost:3101/dog/wVObmOSoDvyN99NZ"
"805","hACkw0FKKJlbJ21M","/dog/hACkw0FKKJlbJ21M","http://localhost:3101/dog/hACkw0FKKJlbJ21M"
"806","HjBl4u22vs2KE_G7","/dog/HjBl4u22vs2KE_G7","http://localhost:3101/dog/HjBl4u22vs2KE_G7"
"807","lX4nqMU9h0lnpPb0","/dog/lX4nqMU9h0lnpPb0","http://localhost:3101/dog/lX4nqMU9h0lnpPb0"
"808","FHBajUDc_H5OaKL6","/dog/FHBajUDc_H5OaKL6","http://localhost:3101/dog/FHBajUDc_H5OaKL6"
"809","FK4ERAwKOgE0_4kH","/dog/FK4ERAwKOgE0_4kH","http://localhost:3101/dog/FK4ERAwKOgE0_4kH"
"810","Zhao_Y80ynGNiENr","/dog/Zhao_Y80ynGNiENr","http://localhost:3101/dog/Zhao_Y80ynGNiENr"
"811","2IVCH72tBdiWM8qO","/dog/2IVCH72tBdiWM8qO","http://localhost:3101/dog/2IVCH72tBdiWM8qO"
"812","2StT5OglQBNuJM3g","/dog/2StT5OglQBNuJM3g","http://localhost:3101/dog/2StT5OglQBNuJM3g"
"813","DPCNS9K0ju7GHwsO","/dog/DPCNS9K0ju7GHwsO","http://localhost:3101/dog/DPCNS9K0ju7GHwsO"
"814","uiXJVDVmI3MD3Aaq","/dog/uiXJVDVmI3MD3Aaq","http://localhost:3101/dog/uiXJVDVmI3MD3Aaq"
"815","ot1TvPFX2w-rx-M2","/dog/ot1TvPFX2w-rx-M2","http://localhost:3101/dog/ot1TvPFX2w-rx-M2"
"816","H-J4NTBS8yfiqFAb","/dog/H-J4NTBS8yfiqFAb","http://localhost:3101/dog/H-J4NTBS8yfiqFAb"
"817","BR8g9wAlY2ozyuXL","/dog/BR8g9wAlY2ozyuXL","http://localhost:3101/dog/BR8g9wAlY2ozyuXL"
"818","vb67WRz2jD8CiZQE","/dog/vb67WRz2jD8CiZQE","http://localhost:3101/dog/vb67WRz2jD8CiZQE"
"819","mPL8nCdAbKCS-v1N","/dog/mPL8nCdAbKCS-v1N","http://localhost:3101/dog/mPL8nCdAbKCS-v1N"
"820","WubHo508dU2DOrhC","/dog/WubHo508dU2DOrhC","http://localhost:3101/dog/WubHo508dU2DOrhC"
"821","ymlDFzlYzPUuCT0R","/dog/ymlDFzlYzPUuCT0R","http://localhost:3101/dog/ymlDFzlYzPUuCT0R"
"822","8Zu6LC-oMlutXraZ","/dog/8Zu6LC-oMlutXraZ","http://localhost:3101/dog/8Zu6LC-oMlutXraZ"
"823","b70QP_kL5IrBC0jv","/dog/b70QP_kL5IrBC0jv","http://localhost:3101/dog/b70QP_kL5IrBC0jv"
"824","SAfBqr8xdkLT-_Sj","/dog/SAfBqr8xdkLT-_Sj","http://localhost:3101/dog/SAfBqr8xdkLT-_Sj"
"825","UWr0PQ8xp2x9cQNY","/dog/UWr0PQ8xp2x9cQNY","http://localhost:3101/dog/UWr0PQ8xp2x9cQNY"
"826","gN-CSUx1KeHZ8RZY","/dog/gN-CSUx1KeHZ8RZY","http://localhost:3101/dog/gN-CSUx1KeHZ8RZY"
"827","eHfmnF1P7OvOYpq4","/dog/eHfmnF1P7OvOYpq4","http://localhost:3101/dog/eHfmnF1P7OvOYpq4"
"828","STGt53YHtR9j7OLI","/dog/STGt53YHtR9j7OLI","http://localhost:3101/dog/STGt53YHtR9j7OLI"
"829","mlq5Xtytzhx9x1Ju","/dog/mlq5Xtytzhx9x1Ju","http://localhost:3101/dog/mlq5Xtytzhx9x1Ju"
"830","zacUpcVNZrcp9uZd","/dog/zacUpcVNZrcp9uZd","http://localhost:3101/dog/zacUpcVNZrcp9uZd"
"831","E93wv6pDx7dtaeKg","/dog/E93wv6pDx7dtaeKg","http://localhost:3101/dog/E93wv6pDx7dtaeKg"
"832","6fKHnwa_1ChvwLIR","/dog/6fKHnwa_1ChvwLIR","http://localhost:3101/dog/6fKHnwa_1ChvwLIR"
"833","hgaGOkl7ltRNmSP2","/dog/hgaGOkl7ltRNmSP2","http://localhost:3101/dog/hgaGOkl7ltRNmSP2"
"834","EiuwfAmr4olWmH3M","/dog/EiuwfAmr4olWmH3M","http://localhost:3101/dog/EiuwfAmr4olWmH3M"
"835","-UFFdbQ2UdrsrL3X","/dog/-UFFdbQ2UdrsrL3X","http://localhost:3101/dog/-UFFdbQ2UdrsrL3X"
"836","QQNOTNJR0Vz_zuo3","/dog/QQNOTNJR0Vz_zuo3","http://localhost:3101/dog/QQNOTNJR0Vz_zuo3"
"837","n9esj0vq0aaMVemS","/dog/n9esj0vq0aaMVemS","http://localhost:3101/dog/n9esj0vq0aaMVemS"
"838","uOEsGHkUYmzZuqTu","/dog/uOEsGHkUYmzZuqTu","http://localhost:3101/dog/uOEsGHkUYmzZuqTu"
"839","vKEyxOMqqR1UvMFi","/dog/vKEyxOMqqR1UvMFi","http://localhost:3101/dog/vKEyxOMqqR1UvMFi"
"840","Js4IjseGvNAf_NaE","/dog/Js4IjseGvNAf_NaE","http://localhost:3101/dog/Js4IjseGvNAf_NaE"
"841","aS7C1It_L3jpLfyT","/dog/aS7C1It_L3jpLfyT","http://localhost:3101/dog/aS7C1It_L3jpLfyT"
"842","a5awTbvlxc2d7Mbk","/dog/a5awTbvlxc2d7Mbk","http://localhost:3101/dog/a5awTbvlxc2d7Mbk"
"843","x-SLW8ngxheEP4Mc","/dog/x-SLW8ngxheEP4Mc","http://localhost:3101/dog/x-SLW8ngxheEP4Mc"
"844","qvTVJsfO-3xHzJbx","/dog/qvTVJsfO-3xHzJbx","http://localhost:3101/dog/qvTVJsfO-3xHzJbx"
"845","Yxa5kQ-HPpqfXkff","/dog/Yxa5kQ-HPpqfXkff","http://localhost:3101/dog/Yxa5kQ-HPpqfXkff"
"846","90dsz1kZmI3RCXhV","/dog/90dsz1kZmI3RCXhV","http://localhost:3101/dog/90dsz1kZmI3RCXhV"
"847","MkRG7CRSmbe4dPO8","/dog/MkRG7CRSmbe4dPO8","http://localhost:3101/dog/MkRG7CRSmbe4dPO8"
"848","0jqtuHfl5p0Ls7Ff","/dog/0jqtuHfl5p0Ls7Ff","http://localhost:3101/dog/0jqtuHfl5p0Ls7Ff"
"849","JzBX4Omtah37hnJ6","/dog/JzBX4Omtah37hnJ6","http://localhost:3101/dog/JzBX4Omtah37hnJ6"
"850","WPchpce2xOwFrcaO","/dog/WPchpce2xOwFrcaO","http://localhost:3101/dog/WPchpce2xOwFrcaO"
"851","L-5msLve_bW3AOtB","/dog/L-5msLve_bW3AOtB","http://localhost:3101/dog/L-5msLve_bW3AOtB"
"852","CsspoCbDVA_CgZs6","/dog/CsspoCbDVA_CgZs6","http://localhost:3101/dog/CsspoCbDVA_CgZs6"
"853","EkEQnfLbJe-uZ1lq","/dog/EkEQnfLbJe-uZ1lq","http://localhost:3101/dog/EkEQnfLbJe-uZ1lq"
"854","A7t2tJVRcfh6CfHa","/dog/A7t2tJVRcfh6CfHa","http://localhost:3101/dog/A7t2tJVRcfh6CfHa"
"855","KTfRjkFEfhhyWwYb","/dog/KTfRjkFEfhhyWwYb","http://localhost:3101/dog/KTfRjkFEfhhyWwYb"
"856","cbBD0z4se3C4ASqQ","/dog/cbBD0z4se3C4ASqQ","http://localhost:3101/dog/cbBD0z4se3C4ASqQ"
"857","g8DvBZHXmg2Z93iR","/dog/g8DvBZHXmg2Z93iR","http://localhost:3101/dog/g8DvBZHXmg2Z93iR"
"858","F7feEbuIxCPu9fUX","/dog/F7feEbuIxCPu9fUX","http://localhost:3101/dog/F7feEbuIxCPu9fUX"
"859","9TdqdmKRJsiueZja","/dog/9TdqdmKRJsiueZja","http://localhost:3101/dog/9TdqdmKRJsiueZja"
"860","G2uVrmkFPjt3o8dI","/dog/G2uVrmkFPjt3o8dI","http://localhost:3101/dog/G2uVrmkFPjt3o8dI"
"861","R3ToEd6NwRZqSCip","/dog/R3ToEd6NwRZqSCip","http://localhost:3101/dog/R3ToEd6NwRZqSCip"
"862","aB1N2_prtYFQlDeq","/dog/aB1N2_prtYFQlDeq","http://localhost:3101/dog/aB1N2_prtYFQlDeq"
"863","KIt2GpHn8B_-Owvk","/dog/KIt2GpHn8B_-Owvk","http://localhost:3101/dog/KIt2GpHn8B_-Owvk"
"864","Ec_qFD4otP0u_EZI","/dog/Ec_qFD4otP0u_EZI","http://localhost:3101/dog/Ec_qFD4otP0u_EZI"
"865","hSRAOAr_fEqgbDl0","/dog/hSRAOAr_fEqgbDl0","http://localhost:3101/dog/hSRAOAr_fEqgbDl0"
"866","x-xOxCXZPJB2Rwy9","/dog/x-xOxCXZPJB2Rwy9","http://localhost:3101/dog/x-xOxCXZPJB2Rwy9"
"867","j-Xc9StnAeNeCVop","/dog/j-Xc9StnAeNeCVop","http://localhost:3101/dog/j-Xc9StnAeNeCVop"
"868","HQrtjx_C5Fh_pDB9","/dog/HQrtjx_C5Fh_pDB9","http://localhost:3101/dog/HQrtjx_C5Fh_pDB9"
"869","7UWligS3Khojef-m","/dog/7UWligS3Khojef-m","http://localhost:3101/dog/7UWligS3Khojef-m"
"870","8QB8Hixyhwqs_rQJ","/dog/8QB8Hixyhwqs_rQJ","http://localhost:3101/dog/8QB8Hixyhwqs_rQJ"
"871","tEzkpjuAzj_gNxth","/dog/tEzkpjuAzj_gNxth","http://localhost:3101/dog/tEzkpjuAzj_gNxth"
"872","A26irCtsSEG9xec5","/dog/A26irCtsSEG9xec5","http://localhost:3101/dog/A26irCtsSEG9xec5"
"873","bubQQ2lI-vCF8Zfs","/dog/bubQQ2lI-vCF8Zfs","http://localhost:3101/dog/bubQQ2lI-vCF8Zfs"
"874","AWv6pFtILhbBItGq","/dog/AWv6pFtILhbBItGq","http://localhost:3101/dog/AWv6pFtILhbBItGq"
"875","niSODheOYCG54qLu","/dog/niSODheOYCG54qLu","http://localhost:3101/dog/niSODheOYCG54qLu"
"876","0ltCU6iJ50wVqD9b","/dog/0ltCU6iJ50wVqD9b","http://localhost:3101/dog/0ltCU6iJ50wVqD9b"
"877","4ya6R3EWdvpj_U3E","/dog/4ya6R3EWdvpj_U3E","http://localhost:3101/dog/4ya6R3EWdvpj_U3E"
"878","B7-g9VTVF0pRiwEB","/dog/B7-g9VTVF0pRiwEB","http://localhost:3101/dog/B7-g9VTVF0pRiwEB"
"879","aV89OiGLNn5IGeuW","/dog/aV89OiGLNn5IGeuW","http://localhost:3101/dog/aV89OiGLNn5IGeuW"
"880","zeMa7NNwUI5_ZdR_","/dog/zeMa7NNwUI5_ZdR_","http://localhost:3101/dog/zeMa7NNwUI5_ZdR_"
"881","WyVGPYYrJUYVp4xu","/dog/WyVGPYYrJUYVp4xu","http://localhost:3101/dog/WyVGPYYrJUYVp4xu"
"882","-4m4yIbV1-SdeG-i","/dog/-4m4yIbV1-SdeG-i","http://localhost:3101/dog/-4m4yIbV1-SdeG-i"
"883","XThW1HhtXhXXqZ9i","/dog/XThW1HhtXhXXqZ9i","http://localhost:3101/dog/XThW1HhtXhXXqZ9i"
"884","Uwfn16DOzGCQ8wIS","/dog/Uwfn16DOzGCQ8wIS","http://localhost:3101/dog/Uwfn16DOzGCQ8wIS"
"885","Zgfjr32Y_8BUscqs","/dog/Zgfjr32Y_8BUscqs","http://localhost:3101/dog/Zgfjr32Y_8BUscqs"
"886","D1QlGv1nPob548nM","/dog/D1QlGv1nPob548nM","http://localhost:3101/dog/D1QlGv1nPob548nM"
"887","sTxpNj0pY29Wb-ps","/dog/sTxpNj0pY29Wb-ps","http://localhost:3101/dog/sTxpNj0pY29Wb-ps"
"888","njZraA0ax9ZPlVVA","/dog/njZraA0ax9ZPlVVA","http://localhost:3101/dog/njZraA0ax9ZPlVVA"
"889","yoof5496P2DtT-mv","/dog/yoof5496P2DtT-mv","http://localhost:3101/dog/yoof5496P2DtT-mv"
"890","E7vv_ZC3pAYE2GK3","/dog/E7vv_ZC3pAYE2GK3","http://localhost:3101/dog/E7vv_ZC3pAYE2GK3"
"891","HjHg2WSybzqWDy6r","/dog/HjHg2WSybzqWDy6r","http://localhost:3101/dog/HjHg2WSybzqWDy6r"
"892","OFCoi-bHvOnbCE9u","/dog/OFCoi-bHvOnbCE9u","http://localhost:3101/dog/OFCoi-bHvOnbCE9u"
"893","fqvKJY3eCuzb2QIC","/dog/fqvKJY3eCuzb2QIC","http://localhost:3101/dog/fqvKJY3eCuzb2QIC"
"894","Ko1fBjVL2jncK0T2","/dog/Ko1fBjVL2jncK0T2","http://localhost:3101/dog/Ko1fBjVL2jncK0T2"
"895","6zBENWeIJ3fYKd4k","/dog/6zBENWeIJ3fYKd4k","http://localhost:3101/dog/6zBENWeIJ3fYKd4k"
"896","bhAcldPhAZNzgL0b","/dog/bhAcldPhAZNzgL0b","http://localhost:3101/dog/bhAcldPhAZNzgL0b"
"897","OZhLtHCrh_g-jonR","/dog/OZhLtHCrh_g-jonR","http://localhost:3101/dog/OZhLtHCrh_g-jonR"
"898","tl4mufxl9G_lgEQA","/dog/tl4mufxl9G_lgEQA","http://localhost:3101/dog/tl4mufxl9G_lgEQA"
"899","KsBE8vdu_ntjdZsW","/dog/KsBE8vdu_ntjdZsW","http://localhost:3101/dog/KsBE8vdu_ntjdZsW"
"900","nwJRtm_wbMTYWBb4","/dog/nwJRtm_wbMTYWBb4","http://localhost:3101/dog/nwJRtm_wbMTYWBb4"
"901","id7Pc72yWl-pr24n","/dog/id7Pc72yWl-pr24n","http://localhost:3101/dog/id7Pc72yWl-pr24n"
"902","zf6WHcbuCYunKQVr","/dog/zf6WHcbuCYunKQVr","http://localhost:3101/dog/zf6WHcbuCYunKQVr"
"903","puv9PDQ7qqUExUog","/dog/puv9PDQ7qqUExUog","http://localhost:3101/dog/puv9PDQ7qqUExUog"
"904","fzj3GOYf3DpVHCmy","/dog/fzj3GOYf3DpVHCmy","http://localhost:3101/dog/fzj3GOYf3DpVHCmy"
"905","uEjFbIYDEj-FrRsG","/dog/uEjFbIYDEj-FrRsG","http://localhost:3101/dog/uEjFbIYDEj-FrRsG"
"906","meNPJ5X0tVDRuvZM","/dog/meNPJ5X0tVDRuvZM","http://localhost:3101/dog/meNPJ5X0tVDRuvZM"
"907","qq1Ed6wNdhKXPQOJ","/dog/qq1Ed6wNdhKXPQOJ","http://localhost:3101/dog/qq1Ed6wNdhKXPQOJ"
"908","-sbTgBIgLlmkmqvk","/dog/-sbTgBIgLlmkmqvk","http://localhost:3101/dog/-sbTgBIgLlmkmqvk"
"909","1v9Ic01-md3oJ2KE","/dog/1v9Ic01-md3oJ2KE","http://localhost:3101/dog/1v9Ic01-md3oJ2KE"
"910","uufKmFm1auYzi82W","/dog/uufKmFm1auYzi82W","http://localhost:3101/dog/uufKmFm1auYzi82W"
"911","pxIq0FMQbv4IQTeP","/dog/pxIq0FMQbv4IQTeP","http://localhost:3101/dog/pxIq0FMQbv4IQTeP"
"912","rP0kNmzATsC9uBY6","/dog/rP0kNmzATsC9uBY6","http://localhost:3101/dog/rP0kNmzATsC9uBY6"
"913","8vslIfrxL7elaiHN","/dog/8vslIfrxL7elaiHN","http://localhost:3101/dog/8vslIfrxL7elaiHN"
"914","nU7F_OZdJbtjWzbE","/dog/nU7F_OZdJbtjWzbE","http://localhost:3101/dog/nU7F_OZdJbtjWzbE"
"915","i5DCg1uqV4cAm97u","/dog/i5DCg1uqV4cAm97u","http://localhost:3101/dog/i5DCg1uqV4cAm97u"
"916","xVBrSjkMI5DBiFD9","/dog/xVBrSjkMI5DBiFD9","http://localhost:3101/dog/xVBrSjkMI5DBiFD9"
"917","e17p5bRvOuJsrI-Z","/dog/e17p5bRvOuJsrI-Z","http://localhost:3101/dog/e17p5bRvOuJsrI-Z"
"918","2bMEYjiUYQKmWVTF","/dog/2bMEYjiUYQKmWVTF","http://localhost:3101/dog/2bMEYjiUYQKmWVTF"
"919","TGUJsj9BB4nkf1-Q","/dog/TGUJsj9BB4nkf1-Q","http://localhost:3101/dog/TGUJsj9BB4nkf1-Q"
"920","mq1gFVxsvNaTDS7X","/dog/mq1gFVxsvNaTDS7X","http://localhost:3101/dog/mq1gFVxsvNaTDS7X"
"921","sz5pJ-rzsNr53403","/dog/sz5pJ-rzsNr53403","http://localhost:3101/dog/sz5pJ-rzsNr53403"
"922","X4ErfiVLrfpF6ewZ","/dog/X4ErfiVLrfpF6ewZ","http://localhost:3101/dog/X4ErfiVLrfpF6ewZ"
"923","Q3Jp5Iw6cu2SQ_F5","/dog/Q3Jp5Iw6cu2SQ_F5","http://localhost:3101/dog/Q3Jp5Iw6cu2SQ_F5"
"924","OmZTt0Cc8ZY5Ykjn","/dog/OmZTt0Cc8ZY5Ykjn","http://localhost:3101/dog/OmZTt0Cc8ZY5Ykjn"
"925","G-bdCjGq-2f1PcbO","/dog/G-bdCjGq-2f1PcbO","http://localhost:3101/dog/G-bdCjGq-2f1PcbO"
"926","-VGJSPjTvG6Q1PNF","/dog/-VGJSPjTvG6Q1PNF","http://localhost:3101/dog/-VGJSPjTvG6Q1PNF"
"927","Fvth4b7GOiB-DgLW","/dog/Fvth4b7GOiB-DgLW","http://localhost:3101/dog/Fvth4b7GOiB-DgLW"
"928","9WbDM-eeJ7_jpeB3","/dog/9WbDM-eeJ7_jpeB3","http://localhost:3101/dog/9WbDM-eeJ7_jpeB3"
"929","aLe2k4DckRUCH97a","/dog/aLe2k4DckRUCH97a","http://localhost:3101/dog/aLe2k4DckRUCH97a"
"930","uXI-7SoCob2oFc7J","/dog/uXI-7SoCob2oFc7J","http://localhost:3101/dog/uXI-7SoCob2oFc7J"
"931","tmZSY3qnPVk0SnIr","/dog/tmZSY3qnPVk0SnIr","http://localhost:3101/dog/tmZSY3qnPVk0SnIr"
"932","qO7N93EL6MKd0EZh","/dog/qO7N93EL6MKd0EZh","http://localhost:3101/dog/qO7N93EL6MKd0EZh"
"933","7-cR-2tU49F-Whh_","/dog/7-cR-2tU49F-Whh_","http://localhost:3101/dog/7-cR-2tU49F-Whh_"
"934","bbH7muZaMPj2SegZ","/dog/bbH7muZaMPj2SegZ","http://localhost:3101/dog/bbH7muZaMPj2SegZ"
"935","SRGR65VLu3WEUOtX","/dog/SRGR65VLu3WEUOtX","http://localhost:3101/dog/SRGR65VLu3WEUOtX"
"936","1Nrj8-xkMOkUNUvB","/dog/1Nrj8-xkMOkUNUvB","http://localhost:3101/dog/1Nrj8-xkMOkUNUvB"
"937","pRMF6KTOoDQreFKe","/dog/pRMF6KTOoDQreFKe","http://localhost:3101/dog/pRMF6KTOoDQreFKe"
"938","NHnpjdwTmgKxBXS9","/dog/NHnpjdwTmgKxBXS9","http://localhost:3101/dog/NHnpjdwTmgKxBXS9"
"939","YVGv0oqzDP8z3En-","/dog/YVGv0oqzDP8z3En-","http://localhost:3101/dog/YVGv0oqzDP8z3En-"
"940","nKwjr7uDEXs53XfJ","/dog/nKwjr7uDEXs53XfJ","http://localhost:3101/dog/nKwjr7uDEXs53XfJ"
"941","QY8JZcaSZWjSnNnu","/dog/QY8JZcaSZWjSnNnu","http://localhost:3101/dog/QY8JZcaSZWjSnNnu"
"942","kojIyTsh8tzf4nWP","/dog/kojIyTsh8tzf4nWP","http://localhost:3101/dog/kojIyTsh8tzf4nWP"
"943","NHdRdloz2g8hE-Gn","/dog/NHdRdloz2g8hE-Gn","http://localhost:3101/dog/NHdRdloz2g8hE-Gn"
"944","memZQc46648gfMvL","/dog/memZQc46648gfMvL","http://localhost:3101/dog/memZQc46648gfMvL"
"945","2F_BnIcYFnpStA-8","/dog/2F_BnIcYFnpStA-8","http://localhost:3101/dog/2F_BnIcYFnpStA-8"
"946","advlb-1ISc97-Idt","/dog/advlb-1ISc97-Idt","http://localhost:3101/dog/advlb-1ISc97-Idt"
"947","Wa3KprhUi5j3c2uc","/dog/Wa3KprhUi5j3c2uc","http://localhost:3101/dog/Wa3KprhUi5j3c2uc"
"948","uaDUtuiM2zU8QiSd","/dog/uaDUtuiM2zU8QiSd","http://localhost:3101/dog/uaDUtuiM2zU8QiSd"
"949","zxIkPub25T2lGZ35","/dog/zxIkPub25T2lGZ35","http://localhost:3101/dog/zxIkPub25T2lGZ35"
"950","svezv7DsqTRQQfQ5","/dog/svezv7DsqTRQQfQ5","http://localhost:3101/dog/svezv7DsqTRQQfQ5"
"951","HamrCzh-2bPwJOuS","/dog/HamrCzh-2bPwJOuS","http://localhost:3101/dog/HamrCzh-2bPwJOuS"
"952","ecFiH3y41Ljqb94q","/dog/ecFiH3y41Ljqb94q","http://localhost:3101/dog/ecFiH3y41Ljqb94q"
"953","NH13kE9dIc6zYMH1","/dog/NH13kE9dIc6zYMH1","http://localhost:3101/dog/NH13kE9dIc6zYMH1"
"954","XpmN2xV8Uu6KEnrS","/dog/XpmN2xV8Uu6KEnrS","http://localhost:3101/dog/XpmN2xV8Uu6KEnrS"
"955","_aOey_ZIfs0uYVn8","/dog/_aOey_ZIfs0uYVn8","http://localhost:3101/dog/_aOey_ZIfs0uYVn8"
"956","Rp3LiLpvuirAZuq8","/dog/Rp3LiLpvuirAZuq8","http://localhost:3101/dog/Rp3LiLpvuirAZuq8"
"957","2368LgT_OP4ZqNN2","/dog/2368LgT_OP4ZqNN2","http://localhost:3101/dog/2368LgT_OP4ZqNN2"
"958","BovaChRkszr3w5kT","/dog/BovaChRkszr3w5kT","http://localhost:3101/dog/BovaChRkszr3w5kT"
"959","KIf9hEHSOAhMPAD8","/dog/KIf9hEHSOAhMPAD8","http://localhost:3101/dog/KIf9hEHSOAhMPAD8"
"960","mk4Th8GdMb5JZFXe","/dog/mk4Th8GdMb5JZFXe","http://localhost:3101/dog/mk4Th8GdMb5JZFXe"
"961","4bW92d0qH2Z5_ugs","/dog/4bW92d0qH2Z5_ugs","http://localhost:3101/dog/4bW92d0qH2Z5_ugs"
"962","ZEd0tEPRE-R4rg1A","/dog/ZEd0tEPRE-R4rg1A","http://localhost:3101/dog/ZEd0tEPRE-R4rg1A"
"963","tSnVINzcDVreRzJj","/dog/tSnVINzcDVreRzJj","http://localhost:3101/dog/tSnVINzcDVreRzJj"
"964","uw57R32DpXB86COs","/dog/uw57R32DpXB86COs","http://localhost:3101/dog/uw57R32DpXB86COs"
"965","GfaYC1jDJZVxabJ2","/dog/GfaYC1jDJZVxabJ2","http://localhost:3101/dog/GfaYC1jDJZVxabJ2"
"966","0XDIOCwzm8NDzNfm","/dog/0XDIOCwzm8NDzNfm","http://localhost:3101/dog/0XDIOCwzm8NDzNfm"
"967","JEuN_sb2844l131I","/dog/JEuN_sb2844l131I","http://localhost:3101/dog/JEuN_sb2844l131I"
"968","clOsounb8OZTYF2a","/dog/clOsounb8OZTYF2a","http://localhost:3101/dog/clOsounb8OZTYF2a"
"969","nstwALHwDA-M-ia7","/dog/nstwALHwDA-M-ia7","http://localhost:3101/dog/nstwALHwDA-M-ia7"
"970","8-lxHQdTLY1Bn941","/dog/8-lxHQdTLY1Bn941","http://localhost:3101/dog/8-lxHQdTLY1Bn941"
"971","_BkOiZ5fkIW5IVt5","/dog/_BkOiZ5fkIW5IVt5","http://localhost:3101/dog/_BkOiZ5fkIW5IVt5"
"972","3jzB3glps4EixbL6","/dog/3jzB3glps4EixbL6","http://localhost:3101/dog/3jzB3glps4EixbL6"
"973","2WtjnurouF0hi3zN","/dog/2WtjnurouF0hi3zN","http://localhost:3101/dog/2WtjnurouF0hi3zN"
"974","VEd4WW03Y8ebIJZk","/dog/VEd4WW03Y8ebIJZk","http://localhost:3101/dog/VEd4WW03Y8ebIJZk"
"975","UPIiIEbJI5amBXN6","/dog/UPIiIEbJI5amBXN6","http://localhost:3101/dog/UPIiIEbJI5amBXN6"
"976","vr6hwOlsE4rcX2ni","/dog/vr6hwOlsE4rcX2ni","http://localhost:3101/dog/vr6hwOlsE4rcX2ni"
"977","O2sgrRc_0giLE4cG","/dog/O2sgrRc_0giLE4cG","http://localhost:3101/dog/O2sgrRc_0giLE4cG"
"978","RhvVljUxsZmofBW1","/dog/RhvVljUxsZmofBW1","http://localhost:3101/dog/RhvVljUxsZmofBW1"
"979","inLB4Yk5GceOuryA","/dog/inLB4Yk5GceOuryA","http://localhost:3101/dog/inLB4Yk5GceOuryA"
"980","RNvCp7pr2HQGwBsj","/dog/RNvCp7pr2HQGwBsj","http://localhost:3101/dog/RNvCp7pr2HQGwBsj"
"981","Gbqw3GQZzCmSsH25","/dog/Gbqw3GQZzCmSsH25","http://localhost:3101/dog/Gbqw3GQZzCmSsH25"
"982","dpggFvBaTq67u-vx","/dog/dpggFvBaTq67u-vx","http://localhost:3101/dog/dpggFvBaTq67u-vx"
"983","zbpEQI7Bgys3tX-s","/dog/zbpEQI7Bgys3tX-s","http://localhost:3101/dog/zbpEQI7Bgys3tX-s"
"984","EDipd6Gc7OCDQz1_","/dog/EDipd6Gc7OCDQz1_","http://localhost:3101/dog/EDipd6Gc7OCDQz1_"
"985","FAdLB9PmRqK4mYXK","/dog/FAdLB9PmRqK4mYXK","http://localhost:3101/dog/FAdLB9PmRqK4mYXK"
"986","qQ2NExN8Tvuum1KT","/dog/qQ2NExN8Tvuum1KT","http://localhost:3101/dog/qQ2NExN8Tvuum1KT"
"987","0IqT_QLebIlnGXg6","/dog/0IqT_QLebIlnGXg6","http://localhost:3101/dog/0IqT_QLebIlnGXg6"
"988","495OHYaEraYLPzal","/dog/495OHYaEraYLPzal","http://localhost:3101/dog/495OHYaEraYLPzal"
"989","11lwG6gsM1tAmrKi","/dog/11lwG6gsM1tAmrKi","http://localhost:3101/dog/11lwG6gsM1tAmrKi"
"990","GBfVY5jktAaNbXfv","/dog/GBfVY5jktAaNbXfv","http://localhost:3101/dog/GBfVY5jktAaNbXfv"
"991","WKluA60EEGFunaUf","/dog/WKluA60EEGFunaUf","http://localhost:3101/dog/WKluA60EEGFunaUf"
"992","ryQdKVQFugq9BBRL","/dog/ryQdKVQFugq9BBRL","http://localhost:3101/dog/ryQdKVQFugq9BBRL"
"993","xaZfT8EZ-Xke1EbA","/dog/xaZfT8EZ-Xke1EbA","http://localhost:3101/dog/xaZfT8EZ-Xke1EbA"
"994","bYyxtmecH1S3BMtA","/dog/bYyxtmecH1S3BMtA","http://localhost:3101/dog/bYyxtmecH1S3BMtA"
"995","4JFSg7gESgFamGR5","/dog/4JFSg7gESgFamGR5","http://localhost:3101/dog/4JFSg7gESgFamGR5"
"996","BYq4lh960xBi1wln","/dog/BYq4lh960xBi1wln","http://localhost:3101/dog/BYq4lh960xBi1wln"
"997","nUi-baJ8zeVn2FqB","/dog/nUi-baJ8zeVn2FqB","http://localhost:3101/dog/nUi-baJ8zeVn2FqB"
"998","1yDNXPVGWJM1kgaM","/dog/1yDNXPVGWJM1kgaM","http://localhost:3101/dog/1yDNXPVGWJM1kgaM"
"999","0jwUE7rTp-AqS5DN","/dog/0jwUE7rTp-AqS5DN","http://localhost:3101/dog/0jwUE7rTp-AqS5DN"
"1000","jWpsT3ctnI_tNLKC","/dog/jWpsT3ctnI_tNLKC","http://localhost:3101/dog/jWpsT3ctnI_tNLKC"
"1001","OkrrQ3heCCx06b4o","/dog/OkrrQ3heCCx06b4o","http://localhost:3101/dog/OkrrQ3heCCx06b4o"
"1002","gNJB51gOkY1bG_Ik","/dog/gNJB51gOkY1bG_Ik","http://localhost:3101/dog/gNJB51gOkY1bG_Ik"
"1003","FiwXhTGZwByOCO_l","/dog/FiwXhTGZwByOCO_l","http://localhost:3101/dog/FiwXhTGZwByOCO_l"
"1004","W3Sqp1jjs5JBe4kL","/dog/W3Sqp1jjs5JBe4kL","http://localhost:3101/dog/W3Sqp1jjs5JBe4kL"
"1005","0rt41NUQ2dkBY2ZV","/dog/0rt41NUQ2dkBY2ZV","http://localhost:3101/dog/0rt41NUQ2dkBY2ZV"
"1006","emPPmKRnCpv7ARjd","/dog/emPPmKRnCpv7ARjd","http://localhost:3101/dog/emPPmKRnCpv7ARjd"
"1007","hk_r_x0WIqnjaVKv","/dog/hk_r_x0WIqnjaVKv","http://localhost:3101/dog/hk_r_x0WIqnjaVKv"
"1008","Nm_ehZj0spnTzBPv","/dog/Nm_ehZj0spnTzBPv","http://localhost:3101/dog/Nm_ehZj0spnTzBPv"
"1009","FosyGwjBmrKGg9EQ","/dog/FosyGwjBmrKGg9EQ","http://localhost:3101/dog/FosyGwjBmrKGg9EQ"
"1010","ehMsxhkmjfu89GuK","/dog/ehMsxhkmjfu89GuK","http://localhost:3101/dog/ehMsxhkmjfu89GuK"